-- MySQL dump 10.13  Distrib 5.7.33, for Linux (x86_64)
--
-- Host: localhost    Database: wine_inline
-- ------------------------------------------------------
-- Server version	5.7.33-0ubuntu0.16.04.1

/*!40101 SET @OLD_CHARACTER_SET_CLIENT=@@CHARACTER_SET_CLIENT */;
/*!40101 SET @OLD_CHARACTER_SET_RESULTS=@@CHARACTER_SET_RESULTS */;
/*!40101 SET @OLD_COLLATION_CONNECTION=@@COLLATION_CONNECTION */;
/*!40101 SET NAMES utf8 */;
/*!40103 SET @OLD_TIME_ZONE=@@TIME_ZONE */;
/*!40103 SET TIME_ZONE='+00:00' */;
/*!40014 SET @OLD_UNIQUE_CHECKS=@@UNIQUE_CHECKS, UNIQUE_CHECKS=0 */;
/*!40014 SET @OLD_FOREIGN_KEY_CHECKS=@@FOREIGN_KEY_CHECKS, FOREIGN_KEY_CHECKS=0 */;
/*!40101 SET @OLD_SQL_MODE=@@SQL_MODE, SQL_MODE='NO_AUTO_VALUE_ON_ZERO' */;
/*!40111 SET @OLD_SQL_NOTES=@@SQL_NOTES, SQL_NOTES=0 */;

--
-- Current Database: `wine_inline`
--

CREATE DATABASE /*!32312 IF NOT EXISTS*/ `wine_inline` /*!40100 DEFAULT CHARACTER SET latin1 */;

USE `wine_inline`;

--
-- Table structure for table `address`
--

DROP TABLE IF EXISTS `address`;
/*!40101 SET @saved_cs_client     = @@character_set_client */;
/*!40101 SET character_set_client = utf8 */;
CREATE TABLE `address` (
  `customer_id` int(11) NOT NULL,
  `street` varchar(45) NOT NULL,
  `county` varchar(10) DEFAULT NULL,
  `eircode` varchar(10) NOT NULL,
  PRIMARY KEY (`eircode`),
  KEY `address_customer` (`customer_id`),
  CONSTRAINT `address_customer` FOREIGN KEY (`customer_id`) REFERENCES `customer` (`customer_id`) ON DELETE CASCADE
) ENGINE=InnoDB DEFAULT CHARSET=utf8mb4 MAX_ROWS=4999;
/*!40101 SET character_set_client = @saved_cs_client */;

--
-- Dumping data for table `address`
--

LOCK TABLES `address` WRITE;
/*!40000 ALTER TABLE `address` DISABLE KEYS */;
INSERT INTO `address` VALUES (5155,'07 Lukken Place','Laois','A09B84D'),(5748,'822 Crescent Oaks Place','Wexford','A11163'),(5366,'5 Magdeline Street','Westmeath','A118461'),(5010,'60178 Graedel Street','Louth','A14BF49'),(5589,'3449 Novick Road','Donegal','A1CAA00'),(5902,'5 Southridge Way','Galway','A1D2EAC'),(5488,'03942 Miller Lane','Galway','A21845B'),(5520,'6 Dwight Circle','Dublin','A3330CB'),(5065,'58 Sommers Crossing','Dublin','A3842EF'),(5778,'40 Daystar Way','Dublin','A389E5F'),(5278,'724 Buena Vista Center','Kerry','A459A89'),(5692,'27 Victoria Circle','Laois','A4C3592'),(5868,'58269 Main Point','Tyrone','A53696E'),(5908,'469 Lakewood Plaza','Laois','A57B905'),(5141,'331 Fremont Place','Kerry','A5AA598'),(5649,'72713 Talisman Street','Dublin','A67CA8B'),(5690,'2 Meadow Valley Street','Dublin','A6C2B1A'),(5926,'6 Esker Hill','Fermanagh','A6C8AF7'),(5250,'45 Gerald Avenue','Clare','A712844'),(5410,'3 Burning Wood Crossing','Longford','A7BE7A6'),(5303,'29312 Sunnyside Terrace','Dublin','A813535'),(5179,'6609 Steensland Avenue','Antrim','A859886'),(5789,'9277 2nd Point','Dublin','A9FC5BE'),(5781,'2786 Morrow Pass','Dublin','AA8E3F5'),(5137,'22 La Follette Pass','Dublin','AAB674F'),(5828,'83 Corry Junction','Westmeath','AAE214B'),(5886,'6301 Petterle Junction','Dublin','AAF0B18'),(5091,'3574 Daystar Crossing','Donegal','AB1C290'),(5878,'513 Coolidge Lane','Carlow','AB5D97C'),(5787,'36313 South Avenue','Dublin','AC1A14D'),(5249,'86 Bluestem Hill','Sligo','AD21FCC'),(5329,'1414 Basil Court','Dublin','ADE62A8'),(5024,'6 Fairfield Road','Dublin','ADF1C3F'),(5369,'19 Oak Park','Dublin','ADF66A6'),(5528,'860 Fair Oaks Avenue','Belfast','AF88CCA'),(5176,'960 Prentice Park','Tipperary','AF890AD'),(5415,'96397 Dawn Trail','Dublin','B08178B'),(5516,'3 Trailsway Trail','Belfast','B22435C'),(5536,'7550 Dryden Lane','Dublin','B254249'),(5458,'49 Messerschmidt Pass','Dublin','B2BDFCF'),(5352,'35 Armistice Point','Dublin','B2CFF3B'),(5338,'80413 Northview Road','Belfast','B2FE0A5'),(5027,'93414 Harbort Way','Monaghan','B3B809C'),(5539,'21769 Tony Center','Cavan','B3BABBB'),(5808,'54919 Shelley Avenue','Roscommon','B3CD9F5'),(5593,'09 Menomonie Avenue','Galway','B4AC3CD'),(5441,'114 Victoria Park','Cork','B4EE865'),(5725,'6655 Burning Wood Circle','Galway','B515D92'),(5901,'43638 Pierstorff Court','Cork','B572A15'),(5625,'0653 Trailsway Junction','Galway','B5C70F9'),(5571,'3 East Place','Longford','B5C912D'),(5359,'193 Sommers Trail','Belfast','B66A46A'),(5424,'552 Spaight Hill','Dublin','B6A2F86'),(5446,'0504 Orin Avenue','Kilkenny','B6ABE2E'),(5794,'644 Old Gate Junction','Dublin','B748427'),(5253,'54126 Hagan Plaza','Dublin','B7CEBD4'),(5196,'8258 Westport Junction','Cork','B7CEC92'),(5630,'484 Northfield Place','Donegal','B815A1B'),(5094,'5 Meadow Ridge Crossing','Derry','B876B3D'),(5840,'914 Briar Crest Street','Clare','BA0F56F'),(5651,'14 Tennessee Park','Down','BA3668B'),(5305,'70 Tony Trail','Dublin','BAA97DB'),(5457,'5 Holmberg Lane','Cork','BAC7C70'),(5654,'7 Clyde Gallagher Hill','Cork','BAEE0B4'),(5102,'8831 Hayes Lane','Fermanagh','BB89C08'),(5440,'6872 Mendota Avenue','Tipperary','BBE98F3'),(5506,'3 Kedzie Road','Cork','BC0DBAC'),(5804,'05288 Delladonna Alley','Monaghan','BC3FBBB'),(5425,'5 Sachs Center','Dublin','BCB19D0'),(5795,'118 Clyde Gallagher Alley','Roscommon','BCC6E05'),(5412,'509 Doe Crossing Parkway','Dublin','BCF107C'),(5897,'20342 Goodland Pass','Kilkenny','BE50C07'),(5511,'32299 Spenser Place','Leitrim','C04AB95'),(5857,'66513 Summerview Crossing','Limerick','C0D3E13'),(5806,'92544 Rigney Crossing','Louth','C14EC88'),(5114,'2 Comanche Circle','Sligo','C1BE738'),(5495,'686 Holmberg Pass','Dublin','C1C162A'),(5123,'49187 Bobwhite Park','Dublin','C1D7C57'),(5287,'83 Sunnyside Place','Fermanagh','C1DFDC3'),(5570,'74 Comanche Hill','Sligo','C1E03ED'),(5909,'1 Corry Parkway','Dublin','C2DAC77'),(5558,'72 Almo Place','Louth','C383F9A'),(5058,'269 Boyd Place','Leitrim','C3DB4A2'),(5269,'85 Sutherland Court','Clare','C3F7871'),(5034,'11 Lakewood Hill','Dublin','C43F80A'),(5274,'243 Glendale Lane','Mayo','C4F70C0'),(5449,'9 Lakeland Parkway','Tyrone','C618A43'),(5761,'10577 Kenwood Parkway','Dublin','C6BFC56'),(5702,'88180 Hanson Pass','Dublin','C75E8B6'),(5245,'0502 Logan Terrace','Dublin','C76CE1F'),(5107,'474 Toban Street','Limerick','C783AD5'),(5704,'66 Mitchell Alley','Dublin','C854611'),(5404,'9 3rd Street','Cork','C87AB6A'),(5275,'2085 Crest Line Pass','Belfast','C8F8E5A'),(5659,'14884 Claremont Center','Dublin','C94EFF3'),(5286,'12978 Barby Court','Mayo','C9B808A'),(5387,'585 Lakewood Gardens Place','Dublin','CA3BC4A'),(5276,'1 Blaine Parkway','Dublin','CA4264E'),(5813,'50696 Esch Junction','Offaly','CAB8732'),(5641,'15 Sycamore Hill','Dublin','CB3BECC'),(5829,'1993 Saint Paul Alley','Galway','CBE9066'),(5893,'00 Merchant Lane','Tipperary','CCB727E'),(5004,'771 Anzinger Alley','Kilkenny','CD3C4E7'),(5121,'76390 Cordelia Plaza','Leitrim','CDD2D8D'),(5149,'245 Arizona Crossing','Monaghan','CEB3596'),(5230,'6139 Anthes Pass','Cavan','CF4562A'),(5403,'1174 Marquette Point','Belfast','CFB259C'),(5816,'48 Buhler Place','Wexford','CFB4C64'),(5262,'6 Linden Plaza','Dublin','CSA7 0AN'),(5888,'03 Spohn Street','Offaly','D0AEF5D'),(5115,'928 Farmco Drive','Dublin','D0CD53D'),(5182,'125 Pierstorff Terrace','Dublin','D0FF687'),(5162,'4 Heffernan Plaza','Dublin','D104C83'),(5552,'27645 Cambridge Road','Belfast','D1357D9'),(5574,'5 Hayes Lane','Wexford','D19CF8B'),(5001,'51 Fair Oaks Point','Laois','D1A8617'),(5515,'0 Fulton Place','Belfast','D207D84'),(5097,'993 Russell Street','Belfast','D328BC5'),(5206,'1784 Spohn Drive','Dublin','D3C3EFE'),(5605,'83 Pond Crossing','Dublin','D428090'),(5419,'1427 Fordem Crossing','Belfast','D50AAF9'),(5823,'18 Springs Circle','Dublin','D532FD1'),(5224,'23 Gerald Junction','Galway','D5FBFF0'),(5875,'0 Maple Wood Drive','Fermanagh','D648255'),(5335,'82727 Pine View Road','Cavan','D6E6E9C'),(5785,'1248 Debra Pass','Cavan','D704321'),(5760,'3017 Blue Bill Park Street','Galway','D79B491'),(5392,'768 Mosinee Pass','Belfast','D7C772C'),(5251,'26515 Hoard Avenue','Laois','D81FADC'),(5189,'893 Towne Plaza','Dublin','D841459'),(5542,'63 Schiller Pass','Galway','DA07DCC'),(5171,'6957 Hintze Center','Wicklow','DA7AC9E'),(5489,'486 Northridge Drive','Cork','DAA28E7'),(5562,'91 Leroy Lane','Mayo','DAF98F5'),(5104,'832 Talisman Drive','Dublin','DBDF910'),(5105,'99057 Gerald Court','Dublin','DBFE5F7'),(5743,'876 Muir Lane','Kildare','DC65247'),(5768,'559 Gerald Trail','Meath','DC7E74B'),(5282,'160 Johnson Drive','Meath','DD19DBA'),(5014,'31 Pepper Wood Point','Galway','DD976F8'),(5454,'704 Mayer Parkway','Dublin','DE01D06'),(5573,'20 High Crossing Hill','Dublin','DE351A2'),(5621,'4 Holmberg Junction','Belfast','DF5A6C0'),(5169,'5798 Arizona Pass','Dublin','DG67 2PH'),(5468,'55 Vera Road','Dublin','E0D1489'),(5866,'8 Dwight Drive','Dublin','E13337'),(5037,'7767 Laurel Junction','Sligo','E1457F4'),(5374,'0 Hansons Pass','Dublin','E17192C'),(5566,'452 Waywood Junction','Offaly','E1799BD'),(5910,'70 Kennedy Street','Wicklow','E1803FD'),(5578,'818 Swallow Court','Dublin','E1F0FB0'),(5809,'4 Tomscot Terrace','Dublin','E24BEE9'),(5921,'104 Commercial Point','Kildare','E2974DC'),(5833,'90 Talisman Trail','Galway','E2D2B6D'),(5557,'01606 Mayer Pass','Kerry','E2EE223'),(5077,'1 Brown Junction','Dublin','E2FB11E'),(5762,'2236 Fordem Lane','Dublin','E3A7019'),(5051,'434 Memorial Trail','Waterford','E3C2770'),(5452,'85024 Lindbergh Terrace','Dublin','E3F608D'),(5887,'86912 Oriole Place','Galway','E42C142'),(5530,'6 Comanche Drive','Dublin','E452D77'),(5332,'084 Rieder Drive','Wexford','E56A7A4'),(5802,'23 Bonner Terrace','Roscommon','E5C43F1'),(5642,'442 Ridge Oak Hill','Tipperary','E5EE923'),(5233,'1 Fremont Way','Cork','E600084'),(5904,'93 Muir Junction','Roscommon','E6FFB6A'),(5545,'037 Ramsey Terrace','Louth','E73DF17'),(5772,'8998 Village Street','Tipperary','E7437C3'),(5247,'227 Macpherson Crossing','Westmeath','E75C041'),(5062,'5 Maple Junction','Belfast','E78AC1A'),(5467,'4293 Comanche Circle','Kilkenny','E8387F0'),(5263,'036 Carioca Way','Wicklow','E979D77'),(5623,'758 Hanover Drive','Limerick','E9A8F96'),(5030,'8 6th Plaza','Dublin','EA3EBD0'),(5042,'296 Springview Junction','Armagh','EA85F02'),(5461,'88206 Waubesa Pass','Dublin','EA92498'),(5674,'7281 Lunder Street','Dublin','EAA2EE5'),(5402,'56641 Stone Corner Point','Laois','EB77D3A'),(5805,'861 Commercial Pass','Galway','EBDEA62'),(5532,'6407 Bay Street','Roscommon','ED0ABFF'),(5291,'18 Daystar Way','Sligo','EECCCDA'),(5524,'548 Redwing Plaza','Dublin','F01FF76'),(5078,'8220 Jenifer Terrace','Roscommon','F05D470'),(5170,'775 Fairview Plaza','Dublin','F08F112'),(5299,'1 Northland Parkway','Dublin','F0DA19F'),(5824,'2972 Mccormick Trail','Dublin','F169D5F'),(5215,'25 Sommers Park','Cork','F1C0569'),(5375,'28234 Monterey Street','Dublin','F261954'),(5724,'0 Dunning Alley','Waterford','F271712'),(5325,'2 Acker Circle','Belfast','F294EDB'),(5860,'46914 Menomonie Crossing','Armagh','F2FF794'),(5618,'59650 Rutledge Terrace','Dublin','F304AE5'),(5130,'9912 Washington Terrace','Antrim','F31ADE4'),(5429,'43 Bunker Hill Lane','Westmeath','F3BBF3D'),(5657,'016 Derek Crossing','Kilkenny','F3C75A6'),(5360,'398 Lake View Way','Belfast','F43A804'),(5292,'26 Forest Dale Place','Dublin','F5.14E+19'),(5849,'8 Stone Corner Point','Dublin','F53A28E'),(5765,'85997 Amoth Pass','Dublin','F618166'),(5732,'144 Hooker Park','Belfast','F65A6FC'),(5695,'56 Ridgeway Place','Armagh','F6D4C7F'),(5512,'2 Troy Avenue','Roscommon','F6F1EC6'),(5157,'81830 Golf Course Parkway','Carlow','F6FD733'),(5531,'4 Bartillon Crossing','Dublin','F73F088'),(5498,'17 Melody Parkway','Mayo','F7E67D4'),(5174,'277 Scofield Park','Armagh','F7E6CE2'),(5260,'40 Sullivan Alley','Cork','F8915F1'),(5055,'94 Cherokee Pass','Galway','F8D6E02'),(5639,'1 Dayton Plaza','Dublin','F907A95'),(5018,'3579 Farragut Terrace','Meath','F92EA80'),(5600,'4813 Canary Trail','Cork','F93361'),(5890,'11772 Sachs Lane','Tipperary','FB501B2'),(5779,'3 Oriole Junction','Monaghan','FC8B4FD'),(5567,'8697 Anderson Point','Belfast','FCE4D0D'),(5036,'7 Brentwood Avenue','Wexford','FEAB085'),(5314,'675 Sachs Place','Dublin','FEE1742'),(5556,'3 Ridgeway Avenue','Waterford','G111CE5'),(5083,'83 Sage Road','Dublin','G169982'),(5175,'6747 Grim Junction','Derry','G3844F9'),(5129,'4 Aberg Alley','Dublin','G3D5E48'),(5069,'8 Ramsey Crossing','Galway','G420DA3'),(5411,'0195 Dunning Lane','Belfast','G471FEE'),(5235,'92397 Rigney Place','Dublin','G59C4A9'),(5414,'13848 Shasta Court','Fermanagh','G6535A3'),(5733,'1586 Armistice Road','Galway','G74CE57'),(5912,'8 Crest Line Hill','Dublin','G7C7B8D'),(5492,'9263 Kenwood Park','Down','G8.58E+06'),(5906,'77951 Knutson Center','Sligo','G804F98'),(5285,'868 Hayes Park','Belfast','G86B6BA'),(5336,'740 Hollow Ridge Parkway','Belfast','G87BAEC'),(5216,'30577 Sycamore Court','Roscommon','G94FC5D'),(5874,'7 Sycamore Avenue','Mayo','G96A1CB'),(5478,'3841 Red Cloud Trail','Belfast','GA88A80'),(5583,'92784 Monica Crossing','Dublin','GB5AF2A'),(5151,'9882 Del Sol Road','Dublin','GBD7C95'),(5372,'087 Columbus Place','Dublin','GC1B0CB'),(5186,'69 Red Cloud Street','Dublin','GC7DDF8'),(5525,'36 Harbort Court','Dublin','GC86B2C'),(5885,'020 Pierstorff Street','Dublin','GCB9950'),(5072,'99 Loftsgordon Junction','Cork','GD2EE6A'),(5148,'22919 Everett Circle','Dublin','GDEA8C7'),(5289,'024 Elka Circle','Sligo','GE2DA93'),(5397,'21 Longview Trail','Westmeath','GEDA1C5'),(5334,'6024 Ridge Oak Crossing','Galway','GEE05F2'),(5852,'27398 Fulton Terrace','Leitrim','GEEE603'),(5026,'0 Hanson Circle','Dublin','GF0749C'),(5417,'78539 Merchant Point','Wexford','GF10529'),(5726,'854 Green Ridge Plaza','Wexford','GF18CE5'),(5490,'1 Eastlawn Court','Belfast','GF39236'),(5682,'099 Rusk Terrace','Kildare','GF99A19'),(5484,'7 Pine View Center','Cork','GFFB3B4'),(5715,'60 Grayhawk Avenue','Kilkenny','GWC2A 1QU'),(5256,'38 Helena Plaza','Cork','H014EA2'),(5687,'7 1st Avenue','Belfast','H06FB0E'),(5154,'85 Gale Plaza','Belfast','H11C86F'),(5328,'35 7th Place','Belfast','H138FF0'),(5295,'4 Warner Place','Louth','H2BCC1B'),(5074,'0 Esker Court','Dublin','H2BF233'),(5925,'11 Hayes Street','Dublin','H2FB0A3'),(5283,'5 Nelson Crossing','Derry','H3B1722'),(5190,'7111 Dahle Point','Belfast','H47699A'),(5707,'8166 Jenna Terrace','Cork','H4F2977'),(5835,'4727 Londonderry Parkway','Cavan','H4FD7F3'),(5889,'664 Morning Avenue','Waterford','H5.13E+04'),(5016,'8686 Homewood Park','Cork','H5C7B61'),(5284,'0544 2nd Crossing','Down','H604663'),(5770,'6 1st Center','Laois','H70ECF1'),(5237,'0773 International Court','Belfast','H71A84B'),(5355,'34370 Moose Terrace','Antrim','H787854'),(5267,'29993 Lillian Pass','Dublin','H7CE609'),(5590,'1 Anniversary Street','Tyrone','H824ADA'),(5386,'6 Elmside Center','Kildare','H9161BC'),(5543,'5 Spenser Terrace','Dublin','H97259A'),(5045,'1 Messerschmidt Point','Belfast','H98ABE9'),(5279,'530 Elgar Hill','Leitrim','H98B24D'),(5086,'775 Village Street','Dublin','H9BD6DF'),(5790,'722 Eastlawn Point','Dublin','H9E53D2'),(5380,'801 Manley Avenue','Cork','HA6AD12'),(5043,'4336 Butterfield Park','Dublin','HA8BF82'),(5763,'80 Westerfield Junction','Belfast','HAB6895'),(5356,'30 Coolidge Plaza','Belfast','HAC4EC2'),(5617,'95 Stang Street','Dublin','HD68FD9'),(5550,'9021 2nd Trail','Down','HD7A639'),(5353,'4 East Court','Mayo','HD8BFB5'),(5288,'16 Tennyson Terrace','Dublin','HDBDEE7'),(5222,'8900 Becker Point','Dublin','HE241D5'),(5388,'67370 Glendale Street','Galway','HE7A5DC'),(5052,'11 Walton Plaza','Waterford','HEA0BE8'),(5031,'70 Blackbird Trail','Louth','HF85DDD'),(5199,'2953 Maple Parkway','Dublin','HFF3E4B'),(5364,'8 Elgar Pass','Belfast','I00F608'),(5599,'829 Menomonie Point','Dublin','I01F41C'),(5007,'3674 Anthes Alley','Dublin','I1175EB'),(5791,'932 Corben Way','Cork','I169F8C'),(5057,'09 Shoshone Avenue','Dublin','I32FE5D'),(5122,'84354 Oak Lane','Belfast','I341801'),(5444,'093 Kropf Center','Belfast','I37A8FF'),(5722,'69545 American Road','Belfast','I4494D3'),(5324,'86179 Eastlawn Trail','Limerick','I4E0C6C'),(5821,'370 Marcy Place','Clare','I5D4DAC'),(5547,'1828 Nancy Center','Longford','I63BC97'),(5769,'338 John Wall Trail','Dublin','I769C5A'),(5213,'6 Waywood Park','Louth','I78437E'),(5019,'9795 Fuller Way','Cork','I7D5B84'),(5192,'6 Gulseth Junction','Dublin','I7DE02B'),(5632,'3634 Fallview Trail','Dublin','I88DBD1'),(5832,'71907 Lakewood Gardens Junction','Roscommon','I94983C'),(5564,'8 Westend Pass','Dublin','I9EA511'),(5373,'41923 Nancy Trail','Kerry','IA2A72E'),(5701,'73998 Dwight Road','Cork','IAA32B5'),(5738,'6 Pleasure Way','Kildare','IADF170'),(5220,'362 Little Fleur Crossing','Belfast','IAE6DD8'),(5308,'96945 Hanover Junction','Dublin','IB2AD8D'),(5916,'647 Lillian Crossing','Dublin','IB42495'),(5236,'7584 Center Avenue','Galway','IB93D44'),(5191,'56687 Chive Street','Dublin','IBB723C'),(5093,'59889 Arapahoe Park','Laois','IC0306C'),(5635,'473 Duke Junction','Galway','IC5637D'),(5326,'0 Barby Junction','Carlow','ID5E77F'),(5393,'924 Weeping Birch Circle','Dublin','IE2C541'),(5915,'57790 Rutledge Court','Donegal','IE42351'),(5119,'94 Rusk Crossing','Cork','IED8FA1'),(5744,'84 Montana Park','Dublin','IFC0C96'),(5047,'678 Portage Alley','Dublin','J0137F0'),(5268,'0 Beilfuss Terrace','Belfast','J05830B'),(5924,'45061 Russell Terrace','Dublin','J0864FB'),(5293,'8 Vera Alley','Belfast','J0B1791'),(5721,'54750 Anderson Place','Dublin','J15439A'),(5615,'40238 Kennedy Center','Belfast','J18189D'),(5075,'4 Gerald Plaza','Cork','J1A3838'),(5152,'597 Armistice Hill','Antrim','J285D74'),(5076,'9 Thackeray Alley','Cork','J2A94C5'),(5145,'09 Carioca Trail','Belfast','J2C6D6E'),(5518,'3651 Crownhardt Drive','Dublin','J3631A4'),(5843,'11 Colorado Drive','Belfast','J377CEB'),(5068,'24 Kensington Road','Dublin','J3BD87C'),(5716,'346 Lakeland Way','Monaghan','J5B9C2B'),(5422,'21587 Sauthoff Parkway','Dublin','J634635'),(5548,'92902 Weeping Birch Park','Armagh','J79FD22'),(5636,'9207 Bunker Hill Place','Dublin','J836D90'),(5140,'65694 Gerald Parkway','Galway','J8676B5'),(5396,'909 Lotheville Junction','Dublin','J88432B'),(5614,'1690 Vidon Hill','Dublin','J99B89E'),(5185,'86116 Toban Circle','Dublin','JABA53D'),(5405,'5 Eagan Drive','Dublin','JB283DD'),(5408,'7 Summerview Pass','Carlow','JB4479F'),(5847,'7 Atwood Center','Dublin','JBB708B'),(5101,'6 Hauk Road','Kerry','JBC2F30'),(5517,'941 Chive Center','Dublin','JC4EA5C'),(5128,'0 Fulton Hill','Antrim','JC57170'),(5100,'3601 Scofield Center','Limerick','JC8B84C'),(5731,'53 Jay Pass','Wicklow','JC8C109'),(5691,'797 Veith Crossing','Dublin','JD46E97'),(5575,'459 Eagan Center','Dublin','JD84787'),(5693,'705 Grim Street','Galway','JDF1DF8'),(5918,'15 Rigney Circle','Kerry','JDF681B'),(5006,'5053 Autumn Leaf Lane','Galway','JE0B252'),(5513,'7646 Buena Vista Court','Louth','JE283EB'),(5603,'74680 Washington Point','Belfast','JEB21DD'),(5898,'5472 Oriole Drive','Belfast','JF29E77'),(5807,'956 Commercial Circle','Dublin','K0BF499'),(5180,'068 Surrey Place','Dublin','K10D087'),(5900,'903 Kipling Court','Dublin','K1A7288'),(5066,'1 Village Green Avenue','Kerry','K2291A4'),(5812,'48 Vermont Park','Armagh','K2364DC'),(5217,'47 Anzinger Lane','Kildare','K2CB010'),(5038,'988 Dexter Plaza','Galway','K3086A9'),(5409,'1543 Anhalt Avenue','Dublin','K3F4BE6'),(5856,'17470 Dovetail Park','Galway','K4279B4'),(5903,'893 Hudson Hill','Armagh','K461D69'),(5811,'171 Kingsford Circle','Down','K5.14E+56'),(5139,'19283 Wayridge Lane','Galway','K585B8D'),(5426,'352 Maple Wood Center','Dublin','K5B41A4'),(5923,'5571 Parkside Point','Tyrone','K5FD9D2'),(5464,'83720 Forest Dale Court','Dublin','K606193'),(5300,'70 Memorial Hill','Dublin','K6E12CD'),(5435,'344 Hagan Trail','Galway','K6EE2ED'),(5281,'167 Melrose Point','Monaghan','K785DC2'),(5569,'07306 Union Park','Dublin','K8C80F5'),(5673,'51294 Manufacturers Center','Belfast','K9.10E+04'),(5017,'4 Leroy Center','Dublin','K929BF7'),(5046,'4 Melody Way','Galway','K9BC703'),(5391,'5 Dovetail Pass','Galway','KA321FD'),(5118,'9 Mayfield Court','Belfast','KAA39F8'),(5346,'15 Commercial Center','Dublin','KB7294A'),(5541,'2 Daystar Drive','Dublin','KC16D3D'),(5383,'89 Prairie Rose Way','Dublin','KCDF427'),(5124,'3139 Prairieview Alley','Dublin','KDC853B'),(5686,'7500 Coleman Alley','Belfast','KE029AE'),(5197,'55 Rigney Place','Dublin','KE7C88A'),(5714,'3907 Rigney Circle','Roscommon','KE82344'),(5242,'63 Maywood Street','Galway','KE996AE'),(5029,'7637 Fair Oaks Alley','Roscommon','KEA06D7'),(5869,'3639 Talisman Center','Cork','KF3580A'),(5246,'7298 Memorial Plaza','Galway','KF4321F'),(5865,'18 Esch Pass','Cork','L0B5E47'),(5861,'9864 Laurel Plaza','Cork','L0BBC6C'),(5039,'6 Muir Trail','Dublin','L0FC252'),(5059,'140 Thierer Trail','Cork','L1E548F'),(5096,'4454 Lunder Circle','Dublin','L21D82F'),(5211,'5 Truax Park','Dublin','L268C63'),(5676,'055 Lotheville Place','Dublin','L276D8F'),(5183,'38 Washington Road','Dublin','L290A10'),(5234,'77 Sauthoff Avenue','Westmeath','L3AD862'),(5598,'95120 Corry Circle','Mayo','L41F668'),(5879,'28 Di Loreto Crossing','Dublin','L5005C2'),(5407,'61 Lukken Alley','Donegal','L505'),(5767,'0363 Towne Parkway','Dublin','L5ACDC6'),(5041,'60 Porter Street','Monaghan','L5EFE84'),(5850,'0 Dorton Plaza','Armagh','L636DB2'),(5679,'95 Farwell Junction','Waterford','L7E3C5E'),(5754,'43671 Mesta Place','Dublin','L80CD32'),(5780,'18315 Dottie Trail','Cavan','L84CD76'),(5739,'11637 Mitchell Road','Galway','L877EF6'),(5607,'79 Prairieview Place','Kilkenny','L8AD65D'),(5341,'17 Sachtjen Road','Dublin','L8B2629'),(5508,'4 Carioca Junction','Galway','L9135CA'),(5120,'175 Almo Trail','Dublin','L91751E'),(5431,'20599 Grayhawk Way','Dublin','L9EF9C1'),(5509,'91 Lawn Center','Limerick','LA01125'),(5297,'8 Redwing Plaza','Longford','LA3E80F'),(5013,'3 Raven Place','Limerick','LA889F0'),(5142,'233 Marcy Park','Galway','LB598C1'),(5825,'73 Cascade Alley','Belfast','LB9FF07'),(5127,'1 Tomscot Crossing','Dublin','LC39F8E'),(5483,'057 Marquette Junction','Monaghan','LC46966'),(5264,'23 Waubesa Hill','Offaly','LD23B12'),(5749,'14741 Ridge Oak Junction','Louth','LD5AE61'),(5753,'86 Elka Crossing','Dublin','LEC17FC'),(5327,'9357 Express Crossing','Tyrone','LEDB96D'),(5580,'945 Colorado Center','Limerick','LF5EE54'),(5523,'6301 Cardinal Court','Dublin','M015EFA'),(5099,'52772 Rieder Place','Galway','M0F200B'),(5678,'1525 Hansons Road','Armagh','M1655C7'),(5459,'227 Dunning Park','Dublin','M1CD3F8'),(5638,'4 Brentwood Hill','Belfast','M21C40A'),(5563,'97131 Cardinal Crossing','Derry','M2D970B'),(5116,'0 Longview Circle','Westmeath','M3060A5'),(5117,'40094 Huxley Terrace','Sligo','M382F31'),(5644,'1 Pankratz Avenue','Carlow','M51344'),(5193,'317 1st Drive','Fermanagh','M528CDE'),(5502,'92348 Vernon Crossing','Offaly','M5DEA42'),(5643,'0675 Farwell Trail','Dublin','M62DDD0'),(5015,'86 Eastwood Hill','Dublin','M6B4C0B'),(5012,'311 Mayfield Avenue','Down','M771114'),(5837,'9319 Tennyson Trail','Galway','M7AF2E6'),(5390,'045 Corscot Trail','Dublin','M7CB7E9'),(5423,'47929 Novick Parkway','Dublin','M898539'),(5261,'520 Kingsford Junction','Dublin','M89EC94'),(5479,'7789 La Follette Parkway','Belfast','M8B5C62'),(5280,'754 Evergreen Place','Offaly','M8DA9F4'),(5061,'924 Bunting Center','Galway','M913C3C'),(5084,'672 Grover Court','Cork','M915431'),(5737,'9286 Kings Center','Westmeath','M947620'),(5705,'6450 Sloan Place','Belfast','M99452F'),(5576,'85659 Toban Pass','Dublin','MA6B75C'),(5323,'53703 Little Fleur Park','Kildare','MB46312'),(5401,'28828 Ridge Oak Place','Belfast','MC6AA99'),(5377,'25340 Meadow Vale Plaza','Dublin','MC88FFC'),(5713,'4 Anzinger Junction','Dublin','MC98213'),(5594,'27191 Forest Terrace','Dublin','MD69460'),(5354,'3329 Melvin Way','Wexford','MDA0B30'),(5667,'99914 Ridgeview Road','Laois','ME3A1CF'),(5734,'6 Londonderry Parkway','Dublin','MEF7C3B'),(5418,'1 Jenifer Hill','Wicklow','MEFB8DF'),(5672,'1255 Hauk Place','Meath','MF37D7A'),(5777,'9663 Scott Park','Clare','MLL39 1LJ'),(5841,'862 Stang Point','Kildare','MPO17 5AD'),(5167,'13716 8th Pass','Dublin','N058F2B'),(5382,'4497 Rockefeller Junction','Dublin','N1F0C35'),(5218,'089 Doe Crossing Court','Down','N2148D8'),(5319,'077 Stang Court','Cork','N239253'),(5862,'3137 Melvin Way','Cork','N25542B'),(5365,'7 Pepper Wood Alley','Dublin','N255FB2'),(5884,'6321 Acker Junction','Antrim','N33F1D4'),(5302,'13547 Parkside Way','Belfast','N4DA163'),(5895,'58 Pleasure Junction','Dublin','N53D4A4'),(5801,'6008 Fairview Trail','Dublin','N56CFA3'),(5675,'957 Brown Trail','Cork','N6AEF7B'),(5581,'4 Towne Street','Belfast','N6CE5BC'),(5463,'3682 Park Meadow Alley','Cork','N7191BC'),(5685,'768 6th Crossing','Antrim','N71CC27'),(5683,'866 Donald Parkway','Dublin','N7CD1C1'),(5158,'6 1st Parkway','Longford','N8FC5EF'),(5351,'72628 Hanover Junction','Dublin','N91A01F'),(5178,'7108 Bartelt Trail','Dublin','N9236'),(5817,'2802 School Trail','Cork','N95CD82'),(5290,'364 Marquette Parkway','Tipperary','NA3F994'),(5310,'4987 Del Mar Center','Longford','NA40C60'),(5112,'7997 Melrose Avenue','Antrim','NA6ABF3'),(5188,'85574 Fisk Street','Dublin','NAA9E6E'),(5610,'145 Lighthouse Bay Plaza','Kilkenny','NAF7384'),(5845,'06931 Melby Avenue','Waterford','NBA95BD'),(5922,'8668 Butterfield Avenue','Limerick','NBE13D5'),(5784,'95767 Magdeline Lane','Dublin','NBF4896'),(5133,'045 7th Hill','Dublin','NC5C12B'),(5723,'36 Forster Park','Mayo','NC5E42D'),(5126,'7 Messerschmidt Parkway','Tipperary','NC5FFFA'),(5143,'4809 Lillian Court','Dublin','ND0DDAF'),(5666,'7326 Logan Terrace','Dublin','ND3408E'),(5228,'36744 Schurz Hill','Belfast','NDE7677'),(5663,'5 Bay Alley','Sligo','NE215CA'),(5460,'96 Pine View Park','Dublin','NF51120'),(5389,'6589 Rieder Trail','Waterford','NFBD719'),(5796,'65872 Lindbergh Trail','Belfast','O01ADAF'),(5002,'277 Portage Crossing','Galway','O06AD95'),(5205,'60103 John Wall Alley','Leitrim','O0E6BDE'),(5361,'5 Moose Circle','Dublin','O144D07'),(5783,'92 Mockingbird Point','Down','O1456D2'),(5839,'0 Truax Alley','Down','O15BED0'),(5273,'370 Holmberg Road','Laois','O231D41'),(5244,'2107 Mandrake Place','Dublin','O266C16'),(5633,'40 La Follette Circle','Fermanagh','O26F5B9'),(5786,'991 Sherman Avenue','Wicklow','O2D04E5'),(5706,'187 Doe Crossing Point','Dublin','O2D1A0C'),(5381,'1 Hauk Crossing','Antrim','O2DD737'),(5342,'4 Thierer Park','Dublin','O3A225F'),(5416,'2 Vidon Point','Belfast','O3BA9E5'),(5803,'78333 Bobwhite Court','Dublin','O3D271E'),(5243,'47 Macpherson Drive','Belfast','O3F1704'),(5095,'51989 Towne Parkway','Armagh','O48117E'),(5439,'7 Emmet Crossing','Tyrone','O4D6524'),(5535,'540 Service Court','Cork','O60724E'),(5358,'1 Menomonie Crossing','Dublin','O611364'),(5537,'0025 Nelson Point','Dublin','O64C06D'),(5859,'14487 Meadow Valley Pass','Leitrim','O674911'),(5225,'0 Aberg Center','Dublin','O688341'),(5526,'8 Mosinee Point','Belfast','O87E19F'),(5203,'99639 Hoffman Way','Dublin','O8EC90F'),(5870,'6 Brickson Park Circle','Leitrim','O8F1ACA'),(5592,'830 Scofield Lane','Dublin','O90B288'),(5466,'4956 Porter Pass','Belfast','O980F5C'),(5579,'8 Washington Junction','Dublin','O9E458E'),(5430,'57369 Hauk Center','Galway','OA9706A'),(5344,'157 Rusk Terrace','Dublin','OBAE244'),(5586,'13 Northfield Road','Dublin','OBFAF13'),(5514,'242 Prairieview Junction','Belfast','OC2E477'),(5486,'4435 Anthes Avenue','Dublin','OC65DD4'),(5384,'1074 Mcbride Pass','Dublin','OC8D9F7'),(5482,'1 Marquette Avenue','Louth','OF5817A'),(5056,'7 Armistice Circle','Belfast','OF65348'),(5880,'09 Tony Way','Dublin','P112411'),(5660,'7520 Eliot Terrace','Dublin','P12E2B3'),(5729,'41 Sunnyside Point','Belfast','P19AF73'),(5258,'0 Karstens Trail','Offaly','P1C9AD0'),(5398,'08 Graedel Drive','Mayo','P1FEDB4'),(5472,'675 Graceland Point','Belfast','P1FF59D'),(5696,'52925 Stang Road','Cavan','P268319'),(5362,'668 Hagan Point','Clare','P2956CF'),(5156,'3283 Nobel Center','Cavan','P30495F'),(5110,'51 Pankratz Circle','Belfast','P312550'),(5021,'29 Ilene Center','Dublin','P4A6F06'),(5379,'1 Lakeland Point','Cork','P4BFB14'),(5776,'93 Maple Circle','Galway','P4F1687'),(5088,'7 Oak Circle','Waterford','P54BB6D'),(5529,'93214 Melvin Court','Cork','P5AF271'),(5011,'19 Coleman Place','Kerry','P6636A1'),(5629,'75867 Esker Hill','Sligo','P6B06B0'),(5227,'1 Basil Terrace','Galway','P87EC81'),(5343,'32351 Clyde Gallagher Drive','Galway','P8B0CD5'),(5455,'2 Warbler Point','Tipperary','P8CD207'),(5742,'87486 Knutson Point','Dublin','P92605D'),(5063,'5 Forest Run Plaza','Galway','P942DD4'),(5582,'060 Stone Corner Hill','Dublin','P98CE66'),(5797,'3384 Karstens Avenue','Cork','PA0DF64'),(5067,'6 Dapin Center','Dublin','PAECFA2'),(5584,'26 Menomonie Parkway','Longford','PB7285F'),(5025,'31719 Eagle Crest Terrace','Leitrim','PBD1B34'),(5602,'23 Merchant Road','Cork','PC64B46'),(5815,'4188 Hooker Road','Tyrone','PCAAB02'),(5432,'05681 Donald Avenue','Dublin','PCEF6B7'),(5758,'196 Chinook Avenue','Dublin','PDF1E85'),(5020,'27743 Granby Parkway','Kerry','PE0F66F'),(5223,'11146 Hagan Trail','Tipperary','PEEED7A'),(5450,'12 Arizona Terrace','Donegal','PF922CE'),(5159,'361 Granby Plaza','Fermanagh','PFB3E96'),(5864,'2 Golf View Plaza','Belfast','PFC35AE'),(5820,'8756 Bartelt Park','Wexford','PFD4BC2'),(5304,'02 Bartelt Point','Longford','Q144227'),(5153,'52 Schiller Drive','Dublin','Q21F98C'),(5764,'981 Ohio Park','Longford','Q22ACAE'),(5819,'55 Stone Corner Street','Cavan','Q2B3D32'),(5568,'4766 Garrison Lane','Longford','Q32B4E1'),(5307,'0 Scofield Lane','Longford','Q3D4B74'),(5240,'9 Anzinger Avenue','Carlow','Q3FE073'),(5465,'47030 Rockefeller Parkway','Kilkenny','Q43308C'),(5650,'25 East Terrace','Belfast','Q4830D8'),(5640,'7496 Sommers Hill','Dublin','Q4DDE60'),(5727,'47198 Dottie Street','Belfast','Q6B2B85'),(5538,'580 Cherokee Way','Westmeath','Q6BFBAA'),(5400,'10 Dexter Junction','Dublin','Q8B59C7'),(5611,'65 Arkansas Avenue','Meath','Q95F1A2'),(5054,'7200 Homewood Crossing','Dublin','Q989BA9'),(5089,'37 Roth Terrace','Antrim','Q9DD5CA'),(5891,'13 Banding Street','Kildare','Q9FAEAB'),(5717,'010 Gulseth Crossing','Wexford','QAA8A58'),(5585,'77124 Kim Alley','Meath','QAADF86'),(5873,'23456 Coleman Way','Dublin','QADFD26'),(5277,'7 Dottie Parkway','Wicklow','QB3C9B1'),(5272,'9 Steensland Circle','Belfast','QB9427A'),(5899,'9732 Bay Circle','Belfast','QC76471'),(5376,'8 Fulton Drive','Sligo','QCF813C'),(5144,'052 Dapin Trail','Dublin','QCF8C11'),(5740,'1 Macpherson Road','Fermanagh','QD06628'),(5684,'18131 Nancy Point','Dublin','QD29153'),(5872,'214 Sheridan Point','Galway','QEB80F3'),(5433,'43104 Mallard Lane','Monaghan','QEE728F'),(5613,'9372 Jenifer Center','Sligo','QF2FF43'),(5195,'32 Talisman Point','Roscommon','QF9797C'),(5620,'605 Gina Lane','Kildare','QFBBB38'),(5881,'77 Golf View Place','Mayo','QFC465F'),(5204,'3 Maryland Trail','Cork','QFED00D'),(5728,'949 Quincy Drive','Derry','R0D4CA8'),(5549,'97 Mockingbird Hill','Offaly','R22EEA4'),(5473,'54 Vahlen Parkway','Dublin','R25BA28'),(5132,'9080 Browning Hill','Dublin','R277ADE'),(5434,'882 Vidon Street','Dublin','R28E32A'),(5212,'7015 Eagan Park','Galway','R29F666'),(5168,'4 Schmedeman Street','Fermanagh','R3230F4'),(5477,'2672 Commercial Plaza','Belfast','R35A5A4'),(5822,'19 Merry Junction','Fermanagh','R399AEE'),(5312,'0 Arizona Circle','Dublin','R3A10FF'),(5241,'70 Towne Court','Cork','R3B3A2B'),(5471,'38 Jenifer Place','Belfast','R3B3E6B'),(5208,'582 Merchant Hill','Galway','R5358F0'),(5252,'1696 Elgar Street','Dublin','R560FBF'),(5766,'3 Eagan Lane','Dublin','R6053AD'),(5853,'179 Dorton Plaza','Dublin','R64A490'),(5619,'29813 Garrison Center','Wexford','R65249A'),(5399,'682 Surrey Hill','Limerick','R69B689'),(5653,'0 Dixon Place','Fermanagh','R6C7E50'),(5053,'559 Melvin Pass','Galway','R6CEED5'),(5442,'3 Welch Drive','Cork','R84BE4A'),(5775,'2 Mosinee Avenue','Cork','R8655AE'),(5113,'69822 Valley Edge Center','Clare','R8820CE'),(5534,'952 Oneill Street','Cork','RBBE774'),(5905,'4092 Heffernan Lane','Belfast','RC97FFA'),(5652,'51 Duke Street','Galway','RC9AE54'),(5712,'8664 Anzinger Place','Antrim','RDABC83'),(5658,'54 Veith Junction','Belfast','RDD56B5'),(5577,'79458 Forster Circle','Dublin','RDDCABB'),(5108,'9 Longview Street','Dublin','RE0216A'),(5634,'04 Waxwing Junction','Cork','RE168C9'),(5730,'48155 Lakewood Gardens Center','Galway','RF2A5A1'),(5555,'96 Fuller Plaza','Louth','RF2DE14'),(5357,'89690 Butternut Lane','Dublin','RL23 6XU'),(5521,'68382 Jenifer Park','Derry','RW1D 6NQ'),(5645,'3 Mendota Circle','Galway','S0E6BB3'),(5757,'00 Stoughton Street','Leitrim','S12AD25'),(5028,'1 Banding Point','Belfast','S19C701'),(5081,'633 Green Court','Dublin','S1E8A60'),(5608,'1 Transport Drive','Dublin','S22353E'),(5499,'76485 Center Junction','Dublin','S350F82'),(5616,'99 Cardinal Junction','Cork','S364D61'),(5311,'5677 Division Point','Dublin','S3F9CA0'),(5655,'031 Morning Park','Mayo','S3FD651'),(5648,'8 Kropf Junction','Dublin','S454BBA'),(5271,'04612 Dayton Junction','Kerry','S490EDC'),(5587,'30 Pankratz Place','Offaly','S5E22BE'),(5855,'498 Kensington Park','Westmeath','S644DB4'),(5485,'884 Stephen Place','Louth','S75AE2B'),(5711,'9354 Goodland Junction','Dublin','S86FDE7'),(5475,'3 South Avenue','Tyrone','S9.96E+08'),(5134,'0 Stephen Avenue','Dublin','S9169AD'),(5060,'946 Blaine Junction','Down','S973FF2'),(5836,'2 Butternut Junction','Galway','S9E40A9'),(5894,'8808 Mallard Center','Kilkenny','S9E907E'),(5533,'3187 Onsgard Trail','Carlow','SA4CA5E'),(5697,'53 Service Court','Kildare','SBA9B2A'),(5232,'282 Hermina Place','Carlow','SC06D5E'),(5184,'1 Blackbird Avenue','Dublin','SCB3058'),(5771,'441 Packers Hill','Tyrone','SD9795C'),(5135,'8 Fairfield Hill','Belfast','SDA318B'),(5239,'1315 Barnett Drive','Dublin','SEC1FE5'),(5842,'9131 Golf Course Circle','Cork','SEC5B88'),(5315,'27 Goodland Point','Galway','SEEB993'),(5487,'3 Emmet Drive','Derry','SF04588'),(5751,'1799 Del Sol Point','Westmeath','SF2CC82'),(5703,'9002 Union Plaza','Dublin','SFE5BF0'),(5173,'6732 Hudson Junction','Limerick','SSS11 8JS'),(5719,'0 Loomis Point','Belfast','T08B618'),(5851,'81 Village Junction','Dublin','T09DFA8'),(5321,'5 West Street','Cork','T0D34FF'),(5438,'4499 Jana Street','Donegal','T1016C1'),(5181,'061 Rigney Crossing','Offaly','T1373D4'),(5259,'1 3rd Parkway','Derry','T184FB1'),(5671,'9 Sunnyside Center','Cork','T1F3429'),(5752,'0551 Fair Oaks Road','Dublin','T2.98E+96'),(5917,'2 Gina Way','Louth','T2000C2'),(5347,'1 Swallow Trail','Dublin','T2098F3'),(5447,'7 Killdeer Avenue','Dublin','T250678'),(5609,'012 Algoma Circle','Carlow','T323427'),(5049,'86008 Beilfuss Park','Armagh','T4961BA'),(5491,'84422 Donald Drive','Belfast','T51F5C2'),(5033,'8549 Randy Alley','Limerick','T6430F2'),(5032,'4 Eagan Lane','Meath','T66BF01'),(5445,'3 Heath Trail','Armagh','T6E681C'),(5741,'04 Westport Alley','Kildare','T7833ED'),(5125,'91 Melby Park','Kilkenny','T8C95FB'),(5496,'6 Namekagon Circle','Limerick','T97B59F'),(5023,'793 Petterle Court','Dublin','T9C99FA'),(5503,'85164 Hooker Hill','Carlow','TA071DB'),(5048,'6 American Ash Street','Dublin','TA7F815'),(5163,'59840 Village Green Avenue','Belfast','TA89893'),(5670,'46 Dapin Road','Derry','TB02309'),(5782,'7 Duke Way','Fermanagh','TB57D2F'),(5165,'356 Bultman Lane','Dublin','TB7D331'),(5896,'2947 La Follette Alley','Derry','TBDC95A'),(5378,'5581 Kipling Trail','Dublin','TC3E7C0'),(5919,'9 Mitchell Street','Monaghan','TCAC85B'),(5470,'03 Oneill Trail','Derry','TCD94F3'),(5368,'589 Di Loreto Lane','Dublin','TD21209'),(5469,'632 Westport Drive','Galway','TEAD3DD'),(5519,'3 Tennyson Park','Longford','TEB41EF'),(5720,'2 Fulton Junction','Kildare','TEC2DEF'),(5745,'7 Macpherson Plaza','Dublin','TF95F85'),(5306,'425 Ryan Junction','Galway','TTN24 9HN'),(5073,'38 Grasskamp Road','Cork','U0FB0D2'),(5844,'3 Vermont Circle','Dublin','U10C872'),(5106,'0 Harbort Point','Dublin','U125741'),(5090,'30 Mesta Circle','Belfast','U12D3E9'),(5248,'03 Blue Bill Park Hill','Dublin','U12E9C1'),(5098,'67731 Grim Park','Galway','U1AE4F1'),(5254,'8 Kenwood Park','Dublin','U22B6E6'),(5846,'457 Fair Oaks Avenue','Clare','U249B20'),(5309,'53 Sullivan Lane','Belfast','U31A27C'),(5476,'47 Dakota Crossing','Dublin','U33286F'),(5022,'5052 Orin Place','Cavan','U37FC8F'),(5688,'39650 Scott Park','Dublin','U3DC2B3'),(5510,'46868 Anzinger Pass','Galway','U41DEDC'),(5698,'85 Rockefeller Center','Dublin','U487702'),(5064,'74154 Kings Drive','Cork','U4BA867'),(5540,'5134 Rowland Alley','Cork','U6E520E'),(5662,'3 Banding Court','Dublin','U779BDC'),(5177,'287 Monica Street','Dublin','U7A980B'),(5339,'640 Elgar Plaza','Galway','U85EBFE'),(5480,'51 Dixon Park','Carlow','U8A7C19'),(5448,'74052 Shoshone Trail','Dublin','U8DEBCE'),(5087,'727 3rd Court','Dublin','U909D15'),(5301,'5261 Commercial Crossing','Waterford','U91B8D0'),(5044,'38 Vidon Point','Donegal','U9D5905'),(5669,'282 Armistice Drive','Belfast','U9F76E4'),(5257,'6541 Bultman Hill','Dublin','UAF8949'),(5774,'87 Utah Trail','Belfast','UB9CFB1'),(5591,'24 Evergreen Way','Derry','UC616DD'),(5871,'721 Helena Trail','Carlow','UC9C355'),(5200,'72701 Anhalt Junction','Clare','UE2F1F0'),(5316,'22431 John Wall Avenue','Dublin','UECC82B'),(5413,'91 Welch Avenue','Cork','UEX38 8DB'),(5428,'96 Superior Lane','Dublin','UF6B166'),(5147,'139 Transport Parkway','Dublin','UF6D2AD'),(5736,'2483 Sycamore Drive','Wexford','UF89810'),(5500,'1150 Kings Point','Dublin','UF91032'),(5420,'14383 Kenwood Hill','Waterford','V0723EE'),(5597,'76 Manitowish Road','Dublin','V0D0EC5'),(5333,'9001 Hermina Place','Mayo','V162C87'),(5604,'15 Sage Parkway','Dublin','V18634'),(5451,'87 Bashford Court','Offaly','V189649'),(5437,'1095 Melby Hill','Dublin','V214270'),(5071,'39 Transport Parkway','Antrim','V32A634'),(5551,'9892 Shopko Street','Armagh','V3B6C02'),(5622,'7163 Cherokee Alley','Dublin','V3D9E46'),(5109,'4698 Hermina Trail','Leitrim','V407B26'),(5700,'6157 Jenna Terrace','Dublin','V4179B6'),(5003,'5007 Lake View Street','Tipperary','V45CB7F'),(5595,'79780 Westend Circle','Dublin','V53CFC7'),(5892,'945 Bluestem Crossing','Dublin','V53FF54'),(5810,'1 Moulton Park','Belfast','V63B278'),(5637,'7333 Crescent Oaks Parkway','Dublin','V6CB6AE'),(5507,'35 Rutledge Terrace','Meath','V757C90'),(5493,'4997 Lindbergh Street','Cork','V799B5E'),(5331,'8 Dryden Way','Dublin','V868CF6'),(5544,'51287 Heffernan Pass','Belfast','V918863'),(5814,'3 Valley Edge Park','Cork','V97364A'),(5661,'080 Village Green Circle','Dublin','VA0969C'),(5647,'82403 Dahle Trail','Louth','VA3DB9A'),(5554,'4698 Hoepker Park','Roscommon','VA6852C'),(5349,'235 Cardinal Lane','Dublin','VAB9E9F'),(5008,'8 Northland Trail','Longford','VB1A718'),(5150,'8 Hintze Circle','Dublin','VBA13 4NX'),(5501,'2161 Knutson Alley','Belfast','VD56BFE'),(5131,'7356 Rockefeller Place','Down','VD83544'),(5395,'18 Spohn Center','Down','VE2F54F'),(5229,'17 Express Drive','Cavan','VE40C53'),(5436,'949 Eastwood Alley','Dublin','VF0AA4E'),(5294,'872 Sherman Way','Dublin','VF0AEEE'),(5103,'99 Muir Junction','Dublin','VFFB22F'),(5793,'80 Park Meadow Pass','Meath','W032AE3'),(5317,'5130 Longview Point','Wicklow','W05D0F0'),(5626,'4 Sutteridge Court','Tipperary','W153247'),(5601,'6 Sullivan Lane','Kerry','W176646'),(5421,'926 Crownhardt Place','Dublin','W1B2C83'),(5394,'1897 Hansons Point','Dublin','W1E95C0'),(5911,'4 Lyons Circle','Belfast','W30A3B0'),(5164,'913 Nova Avenue','Carlow','W30C1C0'),(5138,'39680 Old Shore Point','Laois','W36ED78'),(5050,'0972 Victoria Alley','Monaghan','W3ECC46'),(5759,'0 Helena Alley','Galway','W47EF7D'),(5746,'67 Center Crossing','Cork','W4A6B07'),(5040,'844 Lunder Junction','Galway','W4D6A25'),(5111,'89785 Tennyson Lane','Dublin','W4DF98E'),(5367,'024 Nelson Center','Dublin','W55B1D4'),(5330,'19597 Maryland Hill','Laois','W56ED0B'),(5005,'30 Eastlawn Junction','Dublin','W61BD26'),(5606,'5 Northfield Junction','Donegal','W641852'),(5710,'07680 Everett Pass','Leitrim','W67FE1C'),(5296,'131 Ruskin Crossing','Cavan','W68EE79'),(5427,'78 Kipling Park','Dublin','W6EB7F0'),(5385,'933 Farwell Terrace','Dublin','W7CB5B9'),(5270,'42633 Declaration Avenue','Tyrone','W820825'),(5322,'3 Raven Plaza','Dublin','W9B641B'),(5628,'1563 Daystar Hill','Mayo','WAE50AA'),(5709,'20 Barnett Street','Tipperary','WB3EC3F'),(5799,'595 Schmedeman Place','Dublin','WCFF3B7'),(5747,'68 Lake View Way','Belfast','WDAD270'),(5079,'7 Morningstar Crossing','Dublin','WE69191'),(5681,'8 Grover Crossing','Cavan','WF8ECD5'),(5161,'53 Corben Trail','Clare','WFA36BC'),(5035,'0 Westend Street','Antrim','WFE37B6'),(5201,'6 Jackson Road','Dublin','X0D1A84'),(5085,'917 Hanover Pass','Meath','X146A5C'),(5082,'1496 Carey Pass','Donegal','X153D3C'),(5456,'520 Jenifer Parkway','Meath','X210D78'),(5656,'2893 Saint Paul Way','Belfast','X219C68'),(5527,'3616 Cherokee Park','Wicklow','X267AD2'),(5214,'4757 Melby Avenue','Belfast','X2CBC25'),(5596,'3 Hauk Pass','Clare','X42D784'),(5689,'21 Stuart Pass','Donegal','X44E61E'),(5546,'47938 Tennessee Road','Dublin','X4ADD1C'),(5406,'948 Morrow Lane','Galway','X4B2BF3'),(5207,'4048 Spohn Alley','Westmeath','X4BCE30'),(5146,'76 Gateway Circle','Galway','X4C56C0'),(5494,'35 Linden Hill','Dublin','X5423F4'),(5226,'75 Sunfield Park','Clare','X58CE5D'),(5838,'00 Calypso Crossing','Westmeath','X5AE6AA'),(5718,'19 Autumn Leaf Trail','Belfast','X6BF2CD'),(5070,'05028 Sunfield Way','Dublin','X724347'),(5800,'8260 2nd Hill','Dublin','X86851C'),(5830,'3 Southridge Crossing','Wicklow','X884199'),(5826,'26 Roxbury Street','Monaghan','X8BD853'),(5565,'7477 Brickson Park Way','Cork','X943425'),(5221,'50 Manley Street','Offaly','X9A3644'),(5559,'87 Cody Street','Cork','XA1D3BE'),(5298,'53647 Scofield Pass','Dublin','XA5FC28'),(5340,'80 Mccormick Hill','Dublin','XAF2648'),(5627,'3021 Karstens Avenue','Dublin','XB221AC'),(5348,'6621 Homewood Pass','Leitrim','XB7B0F7'),(5624,'74 Esker Hill','Dublin','XC57D9F'),(5453,'5521 Eliot Park','Cork','XD44E1B'),(5668,'4 Blackbird Trail','Dublin','XD57F66'),(5818,'3352 Ludington Hill','Belfast','XED4B5C'),(5680,'6966 Di Loreto Park','Dublin','XF4803A'),(5371,'16738 Lyons Lane','Tyrone','XF6F891'),(5160,'4201 Utah Place','Wexford','XFE905C'),(5313,'642 Hansons Point','Belfast','Y32C8FF'),(5907,'91929 Rutledge Trail','Dublin','Y35ED33'),(5166,'60 Bonner Street','Belfast','Y3A57E4'),(5858,'04973 Barnett Lane','Galway','Y3C50B3'),(5920,'8918 Pond Plaza','Dublin','Y4283F8'),(5345,'1 Clove Avenue','Dublin','Y46CCB8'),(5694,'75038 Manitowish Parkway','Dublin','Y47DD41'),(5631,'640 Lillian Court','Leitrim','Y4F4353'),(5750,'66463 Grayhawk Court','Wicklow','Y5.46E+65'),(5198,'07 Bashford Alley','Belfast','Y5.94E+04'),(5318,'90451 Golden Leaf Place','Waterford','Y57462'),(5876,'42486 Jackson Terrace','Monaghan','Y5C582A'),(5363,'22 Northridge Road','Kildare','Y61C17E'),(5877,'0462 Morningstar Center','Dublin','Y62099A'),(5080,'98051 Vera Pass','Cork','Y6A197F'),(5000,'86917 Melby Road','Mayo','Y718176'),(5867,'309 Ruskin Pass','Belfast','Y75E0D4'),(5219,'9156 Kensington Circle','Dublin','Y76CDCC'),(5238,'1 Truax Court','Dublin','Y7D80CA'),(5497,'69 Welch Crossing','Dublin','Y7D825F'),(5561,'90 Waywood Plaza','Cork','Y7FAE71'),(5202,'34871 Boyd Alley','Dublin','Y837DD8'),(5370,'3 Milwaukee Street','Dublin','Y854B7D'),(5572,'1469 Fairfield Drive','Dublin','Y8B50CD'),(5522,'073 Mockingbird Way','Meath','Y8D4620'),(5462,'376 Vahlen Center','Kilkenny','Y91D31A'),(5834,'7 Hovde Alley','Tyrone','Y923F25'),(5255,'52 Ilene Park','Kilkenny','Y97F269'),(5664,'225 Heath Hill','Longford','Y9A8AAB'),(5505,'6 Starling Junction','Kerry','YA6E966'),(5831,'59 Sheridan Circle','Dublin','YB2B3AC'),(5187,'64 Grayhawk Plaza','Fermanagh','YD59195'),(5883,'9 Artisan Point','Dublin','YE3CF5F'),(5788,'9804 Stoughton Street','Donegal','YE80CB3'),(5009,'0 Mesta Center','Laois','YE8D9DB'),(5646,'1 Meadow Valley Terrace','Belfast','YF8597C'),(5210,'1 Nancy Lane','Dublin','YFE2011'),(5560,'8 Fieldstone Center','Dublin','Z085A34'),(5854,'54391 Northridge Pass','Dublin','Z1F1249'),(5848,'150 Meadow Ridge Center','Galway','Z1F3F16'),(5913,'554 Blue Bill Park Court','Dublin','Z2F1079'),(5194,'45624 Heath Center','Kilkenny','Z305956'),(5773,'3 Meadow Ridge Street','Waterford','Z33342C'),(5265,'8 Beilfuss Place','Cork','Z402DB7'),(5792,'53 Monica Way','Down','Z485D68'),(5914,'62 Northfield Hill','Laois','Z51248'),(5677,'83799 Troy Lane','Dublin','Z617DB8'),(5756,'7 Basil Lane','Dublin','Z633CBA'),(5092,'1 Mallard Terrace','Galway','Z6409EE'),(5588,'83 Amoth Point','Dublin','Z6D5394'),(5172,'28177 Blue Bill Park Circle','Wicklow','Z727B8E'),(5755,'379 Eastlawn Lane','Limerick','Z73E27B'),(5474,'8488 Kingsford Alley','Dublin','Z75002E'),(5699,'6398 8th Court','Derry','Z7DDB43'),(5882,'9 Northridge Place','Belfast','Z849400'),(5266,'240 Welch Point','Kerry','Z87874E'),(5209,'34443 Jenna Lane','Dublin','Z87D9CF'),(5665,'154 Union Way','Donegal','Z8F4E0C'),(5136,'36266 Farmco Center','Galway','Z903AFD'),(5735,'7 Dorton Alley','Belfast','Z90E0DD'),(5337,'05156 Haas Trail','Tyrone','Z975B84'),(5863,'9588 West Road','Dublin','Z9AD33D'),(5798,'8 Melvin Park','Clare','ZA57D93'),(5443,'2 Sachtjen Court','Dublin','ZB5AEFC'),(5708,'4967 Green Ridge Junction','Sligo','ZB6FEDD'),(5320,'26111 Miller Point','Wicklow','ZB7E93C'),(5504,'34160 Spaight Street','Dublin','ZB810DC'),(5553,'81956 Roth Road','Belfast','ZBAD7A9'),(5827,'99574 Westridge Trail','Offaly','ZD0543A'),(5231,'93 Tennyson Court','Belfast','ZD1D74F'),(5350,'188 Victoria Road','Meath','ZF25FCF'),(5612,'90 Moose Lane','Kerry','ZF2C086');
/*!40000 ALTER TABLE `address` ENABLE KEYS */;
UNLOCK TABLES;

--
-- Table structure for table `customer`
--

DROP TABLE IF EXISTS `customer`;
/*!40101 SET @saved_cs_client     = @@character_set_client */;
/*!40101 SET character_set_client = utf8 */;
CREATE TABLE `customer` (
  `customer_id` int(11) NOT NULL AUTO_INCREMENT,
  `customer_surname` varchar(45) NOT NULL,
  `customer_forename` varchar(45) NOT NULL,
  `phone` varchar(20) NOT NULL,
  `email` varchar(45) NOT NULL,
  PRIMARY KEY (`customer_id`)
) ENGINE=InnoDB AUTO_INCREMENT=5927 DEFAULT CHARSET=utf8mb4 MAX_ROWS=4999;
/*!40101 SET character_set_client = @saved_cs_client */;

--
-- Dumping data for table `customer`
--

LOCK TABLES `customer` WRITE;
/*!40000 ALTER TABLE `customer` DISABLE KEYS */;
INSERT INTO `customer` VALUES (5000,'Santen','Darcy','(830) 8905150','dsantenjl@businesswire.com'),(5001,'Mackro','Tymon','(241) 9786604','tmackroja@tripod.com'),(5002,'Stanislaw','Bambie','(445) 5768699','bstanislawo2@google.com.br'),(5003,'Ruggiero','Ozzie','(821) 1959585','oruggiero3y@ucsd.edu'),(5004,'Vasser','Mary','(911) 9763661','mvassero3@hostgator.com'),(5005,'Kropach','Ruthy','(452) 5402641','rkropachoj@comsenz.com'),(5006,'Katte','Norine','(589) 8983081','nkatte9o@parallels.com'),(5007,'Wilsey','Ward','(359) 1164118','wwilsey2h@soundcloud.com'),(5008,'Cleary','Gerty','(957) 6770814','gclearyb9@vistaprint.com'),(5009,'Vesque','Florencia','(130) 4919353','fvesquep3@prweb.com'),(5010,'Ranger','Normy','(412) 9798812','nrangerkg@pen.io'),(5011,'Komorowski','Hildagard','(438) 9681602','hkomorowskico@webnode.com'),(5012,'Kohen','Roland','(456) 9406722','rkohen79@dedecms.com'),(5013,'Emblem','Mireille','(515) 5196803','memblemk4@marriott.com'),(5014,'Verny','Marley','(861) 5135547','mvernyhx@ning.com'),(5015,'Ford','Morissa','(541) 9423115','mford3a@google.co.jp'),(5016,'Ewells','Jocelyn','(256) 3423542','jewellslb@sitemeter.com'),(5017,'Cloy','Carmencita','(535) 7191610','ccloy7v@t.co'),(5018,'Laurens','Melantha','(690) 5212304','mlaurensq8@cnet.com'),(5019,'Gomar','Alberta','(184) 9867609','agomarc9@elpais.com'),(5020,'Maasz','Cathi','(449) 4333365','cmaaszmd@behance.net'),(5021,'Rossant','Liza','(904) 8113812','lrossant8m@addtoany.com'),(5022,'Westberg','Rochester','(444) 8226348','rwestbergfk@hud.gov'),(5023,'Deek','Moishe','(401) 8691764','mdeekp0@furl.net'),(5024,'Bullier','Clara','(219) 3829146','cbullierkk@newsvine.com'),(5025,'Fryett','Chloris','(497) 7817592','cfryettdy@rediff.com'),(5026,'Cochrane','Marcos','(569) 3952466','mcochranef9@oracle.com'),(5027,'Roark','Monika','(540) 3278763','mroarkms@disqus.com'),(5028,'Colquitt','Noami','(552) 1958211','ncolquittnk@prnewswire.com'),(5029,'Rechert','Marlene','(393) 6160701','mrechertgl@php.net'),(5030,'Ebunoluwa','Clarice','(234) 5235036','cebunoluwafp@blogs.com'),(5031,'Joanic','Sterling','(740) 8386403','sjoanic8k@ebay.com'),(5032,'Champkins','Natassia','(752) 2870578','nchampkinsos@virginia.edu'),(5033,'Da Costa','Willy','(601) 7192273','wdacosta74@elegantthemes.com'),(5034,'Clitheroe','Brandais','(205) 5687866','bclitheroeh8@booking.com'),(5035,'Gunthorp','Ermanno','(439) 7860745','egunthorp1a@hud.gov'),(5036,'Boise','Merola','(408) 5532290','mboise53@marriott.com'),(5037,'McKearnen','Clovis','(382) 8825125','cmckearnen2a@usgs.gov'),(5038,'Paradis','Eveline','(814) 3335694','eparadisng@typepad.com'),(5039,'Romney','Augusta','(515) 2348136','aromneyj5@hp.com'),(5040,'Mobberley','Leslie','(373) 9859553','lmobberleycd@dagondesign.com'),(5041,'Yorkston','Julietta','(318) 1600761','jyorkstonj1@technorati.com'),(5042,'Innot','Gillan','(897) 1129010','ginnotn6@cbslocal.com'),(5043,'Manske','Monroe','(683) 8168756','mmanskehp@wsj.com'),(5044,'Deacon','Lory','(597) 2716497','ldeacon7s@reuters.com'),(5045,'Witcombe','Dion','(243) 2840539','dwitcombe67@blogtalkradio.com'),(5046,'Mack','Matthew','(954) 3088056','mmack4i@mapy.cz'),(5047,'Bunton','Bea','(104) 2098458','bbuntongj@ted.com'),(5048,'Fadden','Delainey','(438) 2568103','dfaddenpt@zimbio.com'),(5049,'Arzu','Harri','(684) 9767581','harzupu@disqus.com'),(5050,'Scrace','Kristal','(836) 7162956','kscrace83@princeton.edu'),(5051,'Zoppo','Cchaddie','(812) 7658138','czoppo1l@hud.gov'),(5052,'Oliff','Dniren','(130) 7294884','doliff49@addthis.com'),(5053,'Forsyth','Hewett','(998) 8010116','hforsythaw@ebay.co.uk'),(5054,'Lidgely','Marcia','(165) 7380049','mlidgelypi@vk.com'),(5055,'Harnetty','Nicoline','(538) 7092891','nharnettyoc@pbs.org'),(5056,'Statefield','Lory','(937) 6730122','lstatefieldp9@webmd.com'),(5057,'Blackborow','Barn','(963) 2029645','bblackborowlg@typepad.com'),(5058,'Riseborough','Lisle','(228) 1399836','lriseboroughkx@washingtonpost.com'),(5059,'Sterry','Sergent','(365) 7690793','ssterrypn@thetimes.co.uk'),(5060,'Gilder','Shari','(131) 9653504','sgilder2g@google.de'),(5061,'Stote','Thorstein','(902) 9198965','tstotefa@dot.gov'),(5062,'Smitherman','Timmy','(919) 5719434','tsmitherman2l@bizjournals.com'),(5063,'Muslim','Koressa','(332) 3685438','kmuslim3w@ovh.net'),(5064,'Bohlin','Deanna','(734) 7098576','dbohlindl@yale.edu'),(5065,'Hutton','Boigie','(417) 1458039','bhutton75@rediff.com'),(5066,'Sandwich','Collete','(812) 4772753','csandwichic@amazon.co.jp'),(5067,'Tite','Christal','(380) 8200435','ctite4z@yellowpages.com'),(5068,'McMahon','Angel','(714) 8018575','amcmahonf6@apple.com'),(5069,'Emmanuel','Erroll','(811) 9324303','eemmanuelje@pinterest.com'),(5070,'Timberlake','Brantley','(123) 1578981','btimberlakea8@1und1.de'),(5071,'Hawford','Chandra','(969) 9321096','chawford5y@bloglovin.com'),(5072,'Hugle','Camile','(315) 9503527','chuglec8@yandex.ru'),(5073,'Scamadine','Ashleigh','(240) 4538785','ascamadinea9@reverbnation.com'),(5074,'Kubelka','Ynes','(344) 8401545','ykubelkamt@yolasite.com'),(5075,'Horwell','Luciano','(338) 1969266','lhorwellmm@vistaprint.com'),(5076,'Bingley','Daffy','(357) 9915780','dbingley6m@earthlink.net'),(5077,'Dannel','Sharleen','(689) 5193687','sdannelr7@mysql.com'),(5078,'Elwill','Jeanine','(950) 7809153','jelwill4s@shinystat.com'),(5079,'Millard','Stephie','(804) 3075333','smillardfv@dailymotion.com'),(5080,'Butt','Jacklyn','(500) 4194818','jbuttfd@clickbank.net'),(5081,'Klimontovich','Weber','(577) 5597199','wklimontovichp7@360.cn'),(5082,'Coughan','Jaymie','(965) 8795158','jcoughan4q@umn.edu'),(5083,'Billes','Danya','(709) 5444379','dbillesqo@t.co'),(5084,'Cowie','Hatti','(357) 3777512','hcowieca@simplemachines.org'),(5085,'Vasyukhichev','Ysabel','(906) 4331433','yvasyukhichev2z@howstuffworks.com'),(5086,'MacTague','Rica','(754) 8956055','rmactaguem7@noaa.gov'),(5087,'Matijevic','Nathaniel','(785) 5502110','nmatijevic84@bizjournals.com'),(5088,'Huish','Miller','(264) 7199898','mhuishp4@360.cn'),(5089,'Pardon','Hartwell','(498) 6084013','hpardonnd@amazon.com'),(5090,'Ridolfo','Hubey','(704) 7789375','hridolfo4r@wordpress.com'),(5091,'Kalvin','Cristen','(198) 7395013','ckalvinmh@accuweather.com'),(5092,'Broadwell','Norbie','(264) 9953417','nbroadwelldi@ebay.co.uk'),(5093,'Kybert','Burnard','(975) 7626930','bkybertkv@imgur.com'),(5094,'Lehr','Cecilius','(805) 3788085','clehr4d@ihg.com'),(5095,'Rizzo','Edmon','(254) 2038528','erizzo3l@qq.com'),(5096,'Bum','Emmaline','(618) 9292590','ebumd@51.la'),(5097,'Portress','Emmery','(795) 7771329','eportress8c@wufoo.com'),(5098,'Orkney','Karrie','(937) 1914020','korkneys@bloglines.com'),(5099,'Peepall','Howard','(513) 6706398','hpeepallq4@mapy.cz'),(5100,'Matic','Jessi','(616) 5482323','jmatic5m@hhs.gov'),(5101,'Di Baudi','Cal','(823) 9766189','cdibaudi7i@china.com.cn'),(5102,'Pollitt','Palm','(332) 7390917','ppollitt7c@elpais.com'),(5103,'Tooze','Roxine','(821) 3263553','rtoozeqb@mapquest.com'),(5104,'Jirieck','Connor','(114) 7548550','cjirieckpm@xing.com'),(5105,'De Antoni','Christiano','(796) 9582113','cdeantoni5x@hp.com'),(5106,'Malyj','Julietta','(423) 4401668','jmalyj7x@alibaba.com'),(5107,'Balfour','Wilma','(505) 1046133','wbalfourcl@umich.edu'),(5108,'Hancill','Sonny','(933) 2582956','shancillo@who.int'),(5109,'Whitmore','Webster','(973) 7255045','wwhitmoreqw@google.fr'),(5110,'Sheard','Etan','(139) 1712190','esheardjx@last.fm'),(5111,'Olenchenko','Deena','(193) 9282308','dolenchenkof8@paginegialle.it'),(5112,'Philipsohn','Brandon','(911) 4584600','bphilipsohnhh@si.edu'),(5113,'Dewitt','Coleman','(472) 3071170','cdewitt1t@tmall.com'),(5114,'Baglow','Ursulina','(863) 8916621','ubaglow6n@last.fm'),(5115,'Muzzullo','Kristy','(925) 2889706','kmuzzullo4g@ifeng.com'),(5116,'Heisham','Tawsha','(301) 1873701','theishamm1@craigslist.org'),(5117,'Farnham','Daffy','(704) 6963577','dfarnhamrn@chronoengine.com'),(5118,'Leonardi','Greg','(765) 5923364','gleonardi5w@epa.gov'),(5119,'Fortey','Inez','(254) 3038458','ifortey4e@vistaprint.com'),(5120,'Hanna','Odele','(468) 2245084','ohannal6@delicious.com'),(5121,'Lillford','Mahmoud','(943) 4002978','mlillfordrl@discuz.net'),(5122,'Prestland','Mattie','(714) 4380087','mprestland80@mashable.com'),(5123,'Kumaar','Ruby','(776) 4021681','rkumaardj@unc.edu'),(5124,'Caile','Rabbi','(626) 8442733','rcaileig@mozilla.org'),(5125,'Arnaldy','Ania','(123) 3182440','aarnaldy9y@cyberchimps.com'),(5126,'Francescone','Millard','(613) 5772674','mfrancesconee4@salon.com'),(5127,'Kadd','Karry','(551) 4919173','kkaddb3@wunderground.com'),(5128,'Itzakovitz','Giavani','(583) 8619795','gitzakovitzcm@hexun.com'),(5129,'Wrightim','Kassi','(832) 6119099','kwrightimcg@shareasale.com'),(5130,'Placidi','Earvin','(596) 8411655','eplacidich@furl.net'),(5131,'Jaques','Rheta','(599) 3731961','rjaques9z@gravatar.com'),(5132,'Theakston','Isis','(715) 6970438','itheakstonhg@google.it'),(5133,'Pearce','Humberto','(354) 2365449','hpearce1v@cloudflare.com'),(5134,'Fadden','Halsy','(699) 6074403','hfadden2o@vk.com'),(5135,'Tuplin','Winthrop','(960) 4731076','wtuplin6p@joomla.org'),(5136,'Cammock','Gwenneth','(407) 3166285','gcammock14@reuters.com'),(5137,'Blakeney','Leonid','(371) 5281700','lblakeneybe@merriam-webster.com'),(5138,'Dowyer','Aland','(479) 3501873','adowyerjf@360.cn'),(5139,'Bernakiewicz','Kerri','(687) 4762002','kbernakiewicz2b@delicious.com'),(5140,'Arndtsen','Audrie','(737) 6783933','aarndtsenk7@toplist.cz'),(5141,'Bachmann','Goldia','(969) 2238934','gbachmann4c@oracle.com'),(5142,'Deakes','Corilla','(438) 4402701','cdeakes95@chron.com'),(5143,'Synnott','Dimitry','(240) 7045374','dsynnott9l@time.com'),(5144,'Yerrall','Homerus','(254) 5083244','hyerrallfh@army.mil'),(5145,'Klouz','Gusti','(845) 3326271','gklouzq1@php.net'),(5146,'Twinborne','Marrissa','(457) 2068511','mtwinborne3m@dropbox.com'),(5147,'Kirtland','Hazel','(186) 1392444','hkirtlandfu@bigcartel.com'),(5148,'Fright','Wildon','(817) 5440379','wfrighty@upenn.edu'),(5149,'Spitell','Brigit','(119) 9668453','bspitelllp@google.de'),(5150,'Geater','Ripley','(306) 8553934','rgeateres@dyndns.org'),(5151,'Haigh','Reese','(634) 3482308','rhaighg2@mac.com'),(5152,'Dongles','Murial','(211) 3496543','mdonglesn3@arizona.edu'),(5153,'Stobo','Ida','(539) 6372377','istobo3e@hhs.gov'),(5154,'Acton','Tyrus','(184) 1930486','tactong4@wsj.com'),(5155,'Pelosi','Aldridge','(911) 9437319','apelosim9@wordpress.com'),(5156,'Kinge','Olimpia','(570) 6975488','okingemk@gov.uk'),(5157,'Bruce','Reggis','(652) 5397934','rbrucenf@imgur.com'),(5158,'Bullen','Boniface','(192) 9414070','bbullenbh@ted.com'),(5159,'Davenport','Maybelle','(835) 4898993','mdavenportgg@wsj.com'),(5160,'Athowe','Codie','(746) 5728257','cathowejp@multiply.com'),(5161,'Llewellyn','Bjorn','(883) 1665882','bllewellynf7@nbcnews.com'),(5162,'Toothill','Adelle','(738) 4622917','atoothill72@tmall.com'),(5163,'Portugal','Haroun','(538) 3920795','hportugalf0@51.la'),(5164,'Wickie','Mano','(121) 1049354','mwickieo4@acquirethisname.com'),(5165,'Ilyasov','Michel','(365) 7744484','milyasovj4@ed.gov'),(5166,'Illesley','Boonie','(998) 7536386','billesley56@techcrunch.com'),(5167,'Hitzschke','Adrianne','(363) 9209956','ahitzschkepk@ustream.tv'),(5168,'Duchart','Craig','(716) 9477227','cduchartk2@themeforest.net'),(5169,'Trewman','Ashley','(212) 9666896','atrewmangd@list-manage.com'),(5170,'Neary','Shandee','(226) 9523233','snearyna@icio.us'),(5171,'Worms','Eleanora','(307) 5789343','ewormsnq@techcrunch.com'),(5172,'Belfelt','Emmi','(801) 4714181','ebelfeltrd@google.it'),(5173,'McUre','Lolly','(874) 3123998','lmcureav@comsenz.com'),(5174,'Wombwell','Alia','(441) 4629730','awombwellgm@printfriendly.com'),(5175,'Vreede','Judd','(468) 9656370','jvreede6i@google.pl'),(5176,'Battaille','Sheffield','(364) 4792083','sbattailledm@hexun.com'),(5177,'Kunkel','Raina','(362) 3953122','rkunkelac@washington.edu'),(5178,'Hollyard','Lind','(291) 9854736','lhollyard9i@intel.com'),(5179,'Bezemer','Floyd','(579) 5449944','fbezemer3q@examiner.com'),(5180,'Keppel','Sara-ann','(410) 9801256','skeppeljk@tmall.com'),(5181,'Curm','Susana','(133) 9272544','scurmkb@nature.com'),(5182,'Brandon','Zolly','(740) 1621889','zbrandonoq@unicef.org'),(5183,'Niese','Kit','(273) 6231983','knieseqn@disqus.com'),(5184,'Skurm','Lillis','(773) 8718096','lskurm8l@plala.or.jp'),(5185,'Kubera','Ardyth','(262) 1182828','akubera2v@shareasale.com'),(5186,'O\'Mullally','Ingar','(612) 6066616','iomullallyef@howstuffworks.com'),(5187,'Aizikovich','Milty','(810) 5438164','maizikovichqd@reuters.com'),(5188,'Scambler','Bennie','(932) 9109194','bscamblerg6@wordpress.org'),(5189,'Lipman','Margarette','(136) 2384178','mlipmanlh@liveinternet.ru'),(5190,'Mc Ilwrick','Jorey','(763) 4524748','jmcilwrick3d@washingtonpost.com'),(5191,'Sager','Gweneth','(482) 6294345','gsagerk8@163.com'),(5192,'Plumb','Calida','(224) 2289064','cplumbqg@e-recht24.de'),(5193,'Corthes','Abran','(621) 4224104','acorthes2p@ft.com'),(5194,'Hawes','Catha','(193) 5773244','chawes77@reverbnation.com'),(5195,'Fitzharris','Dania','(948) 5169248','dfitzharrishc@homestead.com'),(5196,'Pammenter','Miranda','(257) 3329887','mpammenter69@google.com.hk'),(5197,'Duncanson','Mala','(181) 2397871','mduncanson5n@nih.gov'),(5198,'Sentance','Randa','(213) 9672735','rsentancebf@creativecommons.org'),(5199,'Bang','Lilyan','(486) 3700766','lbang4v@skyrock.com'),(5200,'Skynner','Michaeline','(662) 8340109','mskynner9m@google.ca'),(5201,'Makinson','Jan','(715) 7011918','jmakinson98@youtu.be'),(5202,'Dobbs','Hobey','(465) 4344218','hdobbsfq@tmall.com'),(5203,'De Bernardi','Pryce','(153) 8338360','pdebernardi7y@shop-pro.jp'),(5204,'Autry','Killian','(440) 6123891','kautryoe@qq.com'),(5205,'Baldoni','Alberto','(305) 3428128','abaldonijg@shareasale.com'),(5206,'Washbrook','Byron','(388) 9751377','bwashbrook57@hud.gov'),(5207,'Jurisch','Walther','(925) 6585630','wjurischpa@ebay.co.uk'),(5208,'Davenall','Eula','(690) 2241812','edavenallnx@usatoday.com'),(5209,'Vannacci','Ara','(214) 8978203','avannacciou@blogtalkradio.com'),(5210,'Sare','Niki','(248) 9811993','nsare70@ycombinator.com'),(5211,'Le Borgne','Monah','(112) 6359891','mleborgne82@shutterfly.com'),(5212,'MacAdie','Pearce','(238) 7701639','pmacadieaf@shutterfly.com'),(5213,'Giggs','Elbert','(336) 9423254','egiggsfg@un.org'),(5214,'de Amaya','Guendolen','(230) 9291632','gdeamayahv@google.com.br'),(5215,'Symon','Melly','(638) 6466801','msymonog@economist.com'),(5216,'Bowsher','Dur','(215) 3000960','dbowsher6y@hexun.com'),(5217,'Dyble','Geneva','(350) 9111656','gdybler6@wiley.com'),(5218,'Koeppke','Winn','(721) 8681683','wkoeppkehu@sitemeter.com'),(5219,'Reeks','Ethelyn','(431) 5711492','ereeksql@wunderground.com'),(5220,'Whitmell','Joya','(321) 8135835','jwhitmellq3@dion.ne.jp'),(5221,'Massinger','Papagena','(131) 4939275','pmassinger45@mysql.com'),(5222,'La Rosa','Marlon','(609) 8278140','mlarosamz@t.co'),(5223,'Anders','Aylmar','(396) 7818193','aanderse@technorati.com'),(5224,'Frift','Angelle','(927) 2578508','afrift16@taobao.com'),(5225,'Huby','Adora','(993) 3661954','ahubyde@google.ru'),(5226,'Brogiotti','Harri','(480) 6788616','hbrogiottiko@smh.com.au'),(5227,'Creasey','Emmott','(309) 8967781','ecreaseyov@latimes.com'),(5228,'Crady','Noak','(532) 9100757','ncradyfc@uiuc.edu'),(5229,'Szymanzyk','Graham','(952) 3023468','gszymanzyk8o@mtv.com'),(5230,'Pyzer','Melisandra','(277) 5767618','mpyzerow@ebay.co.uk'),(5231,'Wooff','Audre','(290) 1264689','awooff8f@shop-pro.jp'),(5232,'Creasy','Sigismond','(748) 7030975','screasy41@ox.ac.uk'),(5233,'Ortler','Christophorus','(135) 8937976','cortleru@wired.com'),(5234,'Corse','Reena','(789) 4270952','rcorseqi@mayoclinic.com'),(5235,'Leary','Gussie','(917) 8566918','glearycy@youku.com'),(5236,'Josovitz','Lonny','(149) 3941956','ljosovitzqq@oaic.gov.au'),(5237,'Warfield','Sharia','(370) 7723094','swarfieldbd@china.com.cn'),(5238,'MacAne','Dorene','(410) 4398127','dmacane9p@webmd.com'),(5239,'Mattessen','Kermit','(856) 5435618','kmattessenc0@discovery.com'),(5240,'Koene','Tedmund','(143) 3627332','tkoene7d@ihg.com'),(5241,'Conechie','Marian','(755) 8578363','mconechiefe@mysql.com'),(5242,'Creswell','Janey','(979) 7184440','jcreswell5h@mapquest.com'),(5243,'Kemm','Artair','(357) 8470001','akemm18@tmall.com'),(5244,'Bartolozzi','Ivy','(249) 6114948','ibartolozzihn@4shared.com'),(5245,'Sirey','Gloriane','(775) 6360359','gsireyq2@google.es'),(5246,'Binns','Regan','(300) 2290267','rbinns63@etsy.com'),(5247,'Peddowe','Yoko','(205) 9678282','ypeddoweib@vk.com'),(5248,'Bauduin','Phyllys','(845) 8845843','pbauduinfy@creativecommons.org'),(5249,'Richin','Barn','(711) 4615925','brichinkn@buzzfeed.com'),(5250,'Warr','Abigail','(814) 9179120','awarr6q@ebay.com'),(5251,'Pellamont','Sydney','(963) 9542908','spellamont43@cdc.gov'),(5252,'Gamlen','Arleta','(164) 9431407','agamleng5@cdbaby.com'),(5253,'Wallworke','Laurene','(398) 8727103','lwallworked9@washingtonpost.com'),(5254,'MacTeggart','Seka','(246) 6836943','smacteggart6o@msn.com'),(5255,'Enrich','Modesty','(205) 3585182','menrichm@shutterfly.com'),(5256,'Schuster','Madalyn','(245) 2227194','mschusterr3@guardian.co.uk'),(5257,'McNally','Ingrim','(290) 4251301','imcnallye2@examiner.com'),(5258,'Tschierse','Crin','(423) 2643533','ctschierse4x@ucoz.ru'),(5259,'Burberry','Marita','(451) 9146525','mburberrydz@acquirethisname.com'),(5260,'Ortiger','Florencia','(920) 6142812','fortigerku@paginegialle.it'),(5261,'Havock','Lotty','(230) 3754810','lhavockqu@bloomberg.com'),(5262,'Dufoure','Burt','(511) 4340572','bdufoure58@addthis.com'),(5263,'Taggart','Franny','(988) 8033128','ftaggartio@deliciousdays.com'),(5264,'Grievson','Worden','(888) 8099243','wgrievsonlv@nhs.uk'),(5265,'Hundal','Valaree','(246) 1868113','vhundalfm@wikispaces.com'),(5266,'Kahane','Elinore','(447) 8187566','ekahanecj@github.com'),(5267,'Howsan','Hort','(930) 7285412','hhowsan8a@nifty.com'),(5268,'Farrent','Erna','(900) 8950628','efarrentom@topsy.com'),(5269,'Bendin','Winne','(944) 5188596','wbendin3f@cpanel.net'),(5270,'Cousin','Halsey','(479) 8707342','hcousinr@who.int'),(5271,'Oulett','Buckie','(217) 2328641','boulett5k@elpais.com'),(5272,'Castanares','Christoffer','(501) 5966555','ccastanaresrb@xing.com'),(5273,'Shoosmith','Marketa','(601) 7939174','mshoosmithpy@themeforest.net'),(5274,'Ianni','Alphonso','(429) 1250337','aianniih@chron.com'),(5275,'Shewen','Culley','(841) 5389680','cshewen8w@pagesperso-orange.fr'),(5276,'Fransoni','Gina','(438) 5432014','gfransoni1i@omniture.com'),(5277,'Salack','Prentiss','(350) 5124506','psalacklf@phpbb.com'),(5278,'Gammons','Frasier','(383) 3521344','fgammons42@mlb.com'),(5279,'Hartrick','Rainer','(292) 2886698','rhartrick1m@marriott.com'),(5280,'Chieze','Flossie','(977) 6893000','fchieze5v@youtube.com'),(5281,'Shadrack','Odetta','(827) 2908130','oshadrackir@wordpress.org'),(5282,'Quarrie','Caye','(336) 3451322','cquarrieey@mozilla.com'),(5283,'Vasilyev','Claus','(324) 4053881','cvasilyev3u@google.cn'),(5284,'Maletratt','Quinn','(660) 1655801','qmaletrattgv@artisteer.com'),(5285,'Amar','Avie','(998) 5690106','aamarkf@google.cn'),(5286,'Lardner','Eugenie','(999) 2213973','elardner2c@about.me'),(5287,'Setterfield','Tatiana','(762) 1154218','tsetterfieldiq@unblog.fr'),(5288,'Franklyn','Quincy','(978) 6129036','qfranklynn2@godaddy.com'),(5289,'Charlwood','Idell','(845) 9986972','icharlwoodon@fotki.com'),(5290,'Craise','Kathi','(596) 9307960','kcraisefi@linkedin.com'),(5291,'Bridywater','Etheline','(624) 8190798','ebridywaterhq@house.gov'),(5292,'Masseo','Melosa','(718) 6514213','mmasseobq@prweb.com'),(5293,'Trudgeon','Missie','(490) 4713280','mtrudgeont@usa.gov'),(5294,'Lilleycrop','Dulcia','(556) 3506850','dlilleycrop5i@networkadvertising.org'),(5295,'Girardet','Connie','(884) 1154150','cgirardetrm@ft.com'),(5296,'Bangham','Miran','(393) 2558707','mbanghambs@paginegialle.it'),(5297,'Letch','Todd','(767) 5100523','tletchd4@parallels.com'),(5298,'Gilderoy','Rozina','(361) 8420903','rgilderoylw@google.com.hk'),(5299,'Ambrogini','Harmonia','(541) 6891509','hambroginiec@geocities.jp'),(5300,'Plaunch','Thaine','(339) 8743709','tplaunchhs@booking.com'),(5301,'Castells','Ingeborg','(615) 1840402','icastells8x@nydailynews.com'),(5302,'Geffe','Darbee','(948) 9933739','dgeffe81@springer.com'),(5303,'Kroch','Keelby','(302) 3306645','kkrochlr@plala.or.jp'),(5304,'Slimming','Tadeas','(814) 8329772','tslimming7z@sogou.com'),(5305,'McConville','Rita','(419) 5443476','rmcconville9g@g.co'),(5306,'Rawle','Cecilius','(997) 2264156','crawle2x@ucsd.edu'),(5307,'Rockwell','Joly','(482) 4830400','jrockwell2@auda.org.au'),(5308,'Perllman','Marcela','(924) 6127715','mperllman4m@drupal.org'),(5309,'Prene','Andre','(358) 1300878','aprene9x@yolasite.com'),(5310,'Seally','Kathlin','(534) 5900555','kseallykl@ebay.com'),(5311,'Shurmer','Alwyn','(249) 2486533','ashurmer87@photobucket.com'),(5312,'Tonna','Codi','(626) 7763771','ctonnah5@theglobeandmail.com'),(5313,'Frane','Georgena','(150) 5570625','gfrane5r@hugedomains.com'),(5314,'Duferie','Marlin','(538) 1363533','mduferie23@example.com'),(5315,'Petrou','Stanleigh','(588) 2855629','spetrou6x@nymag.com'),(5316,'Fraine','Madelon','(759) 9956265','mfraine5c@pbs.org'),(5317,'Lennarde','Guilbert','(515) 7494143','glennarde3s@360.cn'),(5318,'Burgott','Anatol','(771) 7328572','aburgott1z@cam.ac.uk'),(5319,'Mutton','Daisy','(232) 6923662','dmuttonij@si.edu'),(5320,'Rack','Marie','(471) 2339552','mrack9f@wisc.edu'),(5321,'Knotton','Lissie','(218) 2857185','lknottonqa@diigo.com'),(5322,'Woodburne','Linda','(457) 8472359','lwoodburnehy@blogspot.com'),(5323,'Kiljan','Gwendolyn','(138) 2469196','gkiljanat@ted.com'),(5324,'Goning','Gertie','(335) 1655019','ggoningaj@simplemachines.org'),(5325,'Daudray','Ninon','(275) 2107134','ndaudray8t@eepurl.com'),(5326,'McCann','Wren','(879) 8271738','wmccanni0@163.com'),(5327,'Sweeten','Mitzi','(630) 6182696','msweeten8y@wired.com'),(5328,'O\'Mahoney','Beatrix','(558) 9434629','bomahoney1g@huffingtonpost.com'),(5329,'Armistead','Ralina','(300) 8197979','rarmistead7b@gravatar.com'),(5330,'Youel','Cody','(498) 7213654','cyoueldn@wiley.com'),(5331,'Bess','Noni','(807) 6007483','nbess7a@gravatar.com'),(5332,'Stollmeier','Truda','(672) 4395028','tstollmeierbo@themeforest.net'),(5333,'Bradbeer','Perri','(656) 4987554','pbradbeerpf@tripadvisor.com'),(5334,'Mantram','Elana','(414) 2319632','emantrammj@blogspot.com'),(5335,'Duffan','Clemens','(746) 9416846','cduffan9w@behance.net'),(5336,'Parell','Clarie','(400) 8251739','cparellrr@photobucket.com'),(5337,'LeEstut','Jeniffer','(806) 6855557','jleestutks@craigslist.org'),(5338,'Adney','Ricky','(153) 4116403','radneyk5@imageshack.us'),(5339,'Salliss','Amalea','(276) 9423230','asalliss2r@miitbeian.gov.cn'),(5340,'Beville','Avictor','(279) 9749292','abevilleb4@oaic.gov.au'),(5341,'Tift','Katinka','(187) 9954453','ktiftad@census.gov'),(5342,'Butcher','Ali','(223) 2512194','abutcher5p@latimes.com'),(5343,'Denne','Rosabel','(443) 3720059','rdennekw@devhub.com'),(5344,'Rubinsohn','Rory','(433) 1174922','rrubinsohngz@pcworld.com'),(5345,'Pavelin','Corene','(223) 3284325','cpavelinqe@cnn.com'),(5346,'Bohlsen','Fredek','(859) 4719003','fbohlsenrf@newsvine.com'),(5347,'Kennsley','Anatollo','(967) 3935638','akennsleyqy@hc360.com'),(5348,'Boulden','Danella','(774) 2427637','dboulden0@nationalgeographic.com'),(5349,'Cuttings','Johannah','(676) 5012369','jcuttingsox@tamu.edu'),(5350,'Bracey','Vasily','(766) 3116832','vbracey6f@cpanel.net'),(5351,'Partington','Norri','(663) 6028557','npartington9k@sogou.com'),(5352,'Kalewe','Robyn','(659) 3911174','rkalewekq@nih.gov'),(5353,'Copperwaite','Elonore','(904) 1162923','ecopperwaite21@jimdo.com'),(5354,'Lotwich','Hurley','(470) 8083478','hlotwichb8@samsung.com'),(5355,'Bonavia','Thomasin','(117) 4223961','tbonavian7@upenn.edu'),(5356,'Halston','Sheelagh','(622) 6548842','shalston6g@sbwire.com'),(5357,'Jahnisch','Ramona','(971) 3731365','rjahnischa5@php.net'),(5358,'Allain','Sherwin','(205) 4922752','sallainbc@facebook.com'),(5359,'Goldson','Ashia','(648) 4825728','agoldsonh0@naver.com'),(5360,'Gellibrand','Hyacinthe','(627) 7728701','hgellibrandjc@wiley.com'),(5361,'Shillinglaw','Wenda','(977) 8138894','wshillinglawbv@zimbio.com'),(5362,'Attkins','Thorin','(499) 3717354','tattkinsjd@networksolutions.com'),(5363,'Gutteridge','Deerdre','(449) 6908923','dgutteridgepz@patch.com'),(5364,'Wyeth','Shae','(694) 7410946','swyethj6@liveinternet.ru'),(5365,'Edgcumbe','Gare','(616) 9771989','gedgcumbefb@zimbio.com'),(5366,'Abercromby','Deidre','(395) 3443422','dabercrombyeb@sakura.ne.jp'),(5367,'Murie','Delinda','(936) 4662701','dmurieej@cnbc.com'),(5368,'Silverson','Darwin','(391) 6101188','dsilversong3@google.co.uk'),(5369,'Pinnijar','Ripley','(234) 8116557','rpinnijar1s@scribd.com'),(5370,'Orris','Donn','(393) 2310124','dorrisgr@mac.com'),(5371,'Kaley','Barry','(674) 7992619','bkaley3j@census.gov'),(5372,'Meryett','Lorens','(799) 1745859','lmeryett39@amazonaws.com'),(5373,'Chastaing','Paula','(867) 4387664','pchastaing2w@opensource.org'),(5374,'Pafford','Bambi','(898) 4205511','bpaffordiu@cam.ac.uk'),(5375,'Wymer','Ethelin','(813) 3307671','ewymer9e@elpais.com'),(5376,'Ickovitz','Jessalin','(437) 6969503','jickovitze0@rakuten.co.jp'),(5377,'Julian','Dwain','(733) 2039948','djulianft@quantcast.com'),(5378,'Silversmid','Kania','(253) 4429048','ksilversmid9r@ucsd.edu'),(5379,'Maylor','Phil','(533) 7746240','pmaylor3p@taobao.com'),(5380,'Scholar','Stephani','(444) 8041206','sscholar1j@miitbeian.gov.cn'),(5381,'McSpirron','Vernon','(718) 1315538','vmcspirron4h@freewebs.com'),(5382,'McKnockiter','Fay','(135) 4071010','fmcknockiterqz@purevolume.com'),(5383,'Arrol','Rowen','(959) 7783513','rarrolg8@shareasale.com'),(5384,'Dawkins','Robinetta','(614) 7530087','rdawkinsap@google.com'),(5385,'Blacklawe','Jareb','(751) 2796089','jblacklaweck@nyu.edu'),(5386,'Gallagher','Alonzo','(162) 3875566','agallagherei@tripod.com'),(5387,'Scrange','Michail','(280) 3904720','mscrange1x@phoca.cz'),(5388,'Bollum','Romona','(151) 8584578','rbollum7u@opensource.org'),(5389,'Hagland','Yard','(488) 4305549','yhaglandpr@irs.gov'),(5390,'Athow','Quinton','(667) 8820203','qathowj7@com.com'),(5391,'Gladwish','Lilah','(739) 5524036','lgladwish7q@acquirethisname.com'),(5392,'Allday','Noble','(856) 9216742','nallday44@mozilla.org'),(5393,'Feld','Bo','(416) 4458684','bfeld6r@phpbb.com'),(5394,'Langtry','Gav','(436) 4805471','glangtrye3@printfriendly.com'),(5395,'MacHarg','Ardeen','(142) 7073946','amacharghl@berkeley.edu'),(5396,'Hance','Errick','(483) 6185409','ehanceez@symantec.com'),(5397,'Nesterov','Meaghan','(991) 1867783','mnesterovhe@friendfeed.com'),(5398,'McKelloch','Nancey','(361) 2813023','nmckellochl5@latimes.com'),(5399,'Cage','Nannette','(565) 6941852','ncageam@dailymail.co.uk'),(5400,'Edmonstone','Samara','(203) 3221672','sedmonstone34@spiegel.de'),(5401,'Benz','Mathian','(529) 3604352','mbenzg@reverbnation.com'),(5402,'Ilyushkin','Edythe','(204) 9274052','eilyushkinmi@drupal.org'),(5403,'Wimms','Gui','(277) 8866819','gwimmsmv@t.co'),(5404,'Tryhorn','Greggory','(496) 7844825','gtryhorn4n@oaic.gov.au'),(5405,'Matz','Arabel','(144) 4364536','amatzkz@digg.com'),(5406,'McWhinnie','Leonid','(697) 5917567','lmcwhinnieo5@rambler.ru'),(5407,'Laird-Craig','Maynard','(170) 5107669','mlairdcraige6@cocolog-nifty.com'),(5408,'Baybutt','Fairleigh','(511) 1681996','fbaybuttfr@tmall.com'),(5409,'Bothams','Bride','(696) 1467155','bbothamsh@gov.uk'),(5410,'Ateridge','Rutter','(595) 7323361','rateridgeod@mediafire.com'),(5411,'Grigorini','Viola','(541) 2912035','vgrigorinibu@jimdo.com'),(5412,'Gowrich','Dyanne','(937) 6992638','dgowrichcs@businessinsider.com'),(5413,'Lackmann','Jobey','(641) 3523674','jlackmann94@dot.gov'),(5414,'Loffill','Killian','(168) 2746640','kloffill7l@ed.gov'),(5415,'Detheridge','Patrick','(326) 8649740','pdetheridgel1@sciencedirect.com'),(5416,'Ewing','Bradford','(229) 3917404','bewing73@independent.co.uk'),(5417,'Turrill','Abraham','(543) 5586475','aturrille7@vinaora.com'),(5418,'Pohling','Amaleta','(327) 9355391','apohlingn8@friendfeed.com'),(5419,'Sommer','Benoit','(874) 5419402','bsommer9v@yahoo.co.jp'),(5420,'Scopham','Lamar','(751) 6851361','lscophamf2@canalblog.com'),(5421,'Britton','Amery','(184) 9234416','abrittonh9@intel.com'),(5422,'Bellini','Danice','(296) 9047444','dbellinid1@sun.com'),(5423,'Bernaert','Brook','(864) 9560228','bbernaert1c@thetimes.co.uk'),(5424,'Wyson','Mellie','(230) 3622189','mwyson3h@exblog.jp'),(5425,'Crosse','Dorette','(255) 3217923','dcrosse50@washingtonpost.com'),(5426,'Canfer','Brewer','(405) 9790251','bcanfer2y@naver.com'),(5427,'Matthieson','Jobyna','(445) 1645721','jmatthiesoncf@ibm.com'),(5428,'Sears','Raina','(504) 8528651','rsearsrg@go.com'),(5429,'Peck','Bartholomeus','(309) 2126993','bpeck2j@people.com.cn'),(5430,'Troppmann','Toby','(994) 2575783','ttroppmannpp@reuters.com'),(5431,'McKniely','Cesya','(995) 5699039','cmcknielyny@arizona.edu'),(5432,'Batchelour','Marietta','(252) 4276271','mbatchelour7r@google.es'),(5433,'Hampson','Etheline','(215) 6056199','ehampsonn0@twitpic.com'),(5434,'Hawick','Cathrin','(140) 5167327','chawickjb@reverbnation.com'),(5435,'Barg','Myrtia','(494) 6135657','mbarg47@examiner.com'),(5436,'Kleinzweig','Kellen','(559) 5698938','kkleinzweigff@360.cn'),(5437,'Ratter','Jonas','(430) 1838429','jratterju@diigo.com'),(5438,'Arkle','Glory','(635) 6875858','garklefz@economist.com'),(5439,'Rothman','Elsie','(536) 4668221','erothmanbx@paginegialle.it'),(5440,'Guerola','Bogart','(514) 2662313','bguerolaqv@reddit.com'),(5441,'Conroy','Leonardo','(111) 4410683','lconroyci@google.nl'),(5442,'Khan','Freddy','(908) 2467600','fkhanl7@mediafire.com'),(5443,'Tooth','Marie-jeanne','(580) 2368992','mtooth6c@aol.com'),(5444,'Dablin','Rosamund','(745) 8701386','rdablinpg@shinystat.com'),(5445,'Postlewhite','Lenard','(255) 6688261','lpostlewhiteeh@domainmarket.com'),(5446,'Emmins','Anthea','(797) 9593139','aemmins2s@tumblr.com'),(5447,'Kenefick','Alia','(440) 4722343','akenefick3o@shareasale.com'),(5448,'Braund','Jesselyn','(723) 8993969','jbraundm4@flickr.com'),(5449,'Lowdes','Frederik','(343) 2086514','flowdesce@sohu.com'),(5450,'Feldman','Annecorinne','(181) 3817858','afeldmangy@google.es'),(5451,'Paolinelli','Reinold','(456) 9780365','rpaolinelliqm@toplist.cz'),(5452,'Luggar','Darbee','(509) 9593953','dluggar4@cbsnews.com'),(5453,'Langlois','Joanna','(232) 6066612','jlangloisah@nifty.com'),(5454,'Hadlington','Georgeanne','(804) 4302053','ghadlingtongb@google.com'),(5455,'Blackledge','Kessia','(514) 1728699','kblackledge7w@marriott.com'),(5456,'Prandini','Kalvin','(526) 1191031','kprandinijo@free.fr'),(5457,'Dimitriou','Robby','(927) 9729073','rdimitriouea@naver.com'),(5458,'Truluck','Sauveur','(115) 6683561','struluckb7@ow.ly'),(5459,'Peplow','Hally','(938) 4204149','hpeplownc@reference.com'),(5460,'Petrecz','Findley','(470) 9284478','fpetreczd8@acquirethisname.com'),(5461,'Morfey','Lucinda','(824) 6799441','lmorfeygc@github.com'),(5462,'Stainson','Conney','(291) 6922986','cstainsongh@mysql.com'),(5463,'Francillo','Talya','(494) 6722284','tfrancilloif@people.com.cn'),(5464,'Wickins','Benn','(695) 3522684','bwickins8j@hugedomains.com'),(5465,'Fri','Marketa','(944) 9119018','mfriaz@house.gov'),(5466,'Bradder','Turner','(775) 1820502','tbradderri@hud.gov'),(5467,'Leathwood','Patricia','(882) 9237494','pleathwoodjr@flavors.me'),(5468,'Paten','Urban','(410) 4982401','upatenbj@fc2.com'),(5469,'Kale','Barry','(292) 6972402','bkaleda@utexas.edu'),(5470,'Thornber','Natale','(261) 1018068','nthornbernj@dot.gov'),(5471,'Challenger','Nat','(294) 6847298','nchallengerc6@globo.com'),(5472,'Weitzel','Hector','(620) 7800727','hweitzelf4@smugmug.com'),(5473,'Thurlow','Clarance','(291) 1712848','cthurlowr8@google.nl'),(5474,'Putnam','Staford','(323) 3370025','sputnam51@si.edu'),(5475,'Creese','Charyl','(326) 8398394','ccreesenv@lulu.com'),(5476,'Greenman','Saraann','(557) 4974436','sgreenman36@amazon.co.uk'),(5477,'Tompkiss','Dal','(290) 9031593','dtompkissq@cargocollective.com'),(5478,'Iori','Alberta','(473) 6339018','aiorid5@harvard.edu'),(5479,'Vondrasek','Al','(172) 1900536','avondrasekao@rambler.ru'),(5480,'Saich','Eve','(435) 3823751','esaich1f@tinyurl.com'),(5482,'Errowe','Fidela','(695) 7858077','ferroweh1@github.io'),(5483,'McAmish','Doug','(734) 7303869','dmcamishhr@godaddy.com'),(5484,'Sturridge','Minta','(103) 2016077','msturridgedp@apple.com'),(5485,'Halahan','Bird','(803) 8374662','bhalahaneq@eventbrite.com'),(5486,'Askie','Nataline','(681) 9324822','naskieak@gov.uk'),(5487,'Bowe','Joly','(324) 9596760','jbowe4y@blinklist.com'),(5488,'Billham','Gladys','(999) 4473606','gbillham4f@google.co.uk'),(5489,'Cains','Brooks','(182) 1855183','bcainspc@posterous.com'),(5490,'De la Feld','Eugenio','(204) 1584373','edelafeld22@youtu.be'),(5491,'Bedder','Tresa','(121) 3674973','tbeddercr@cbc.ca'),(5492,'Piola','Denis','(307) 6761458','dpiolamx@mozilla.org'),(5493,'Ailsbury','Ole','(692) 7265869','oailsbury2d@dagondesign.com'),(5494,'Kliche','Dot','(485) 7739046','dkliche7h@google.it'),(5495,'Lawley','Honoria','(390) 7890117','hlawley68@xing.com'),(5496,'Zotto','Geri','(395) 4435781','gzottopd@i2i.jp'),(5497,'Potticary','Brade','(796) 2701046','bpotticaryr5@constantcontact.com'),(5498,'Easbie','Lydia','(662) 5908076','leasbieeg@soundcloud.com'),(5499,'Ellor','Inez','(322) 1938582','iellor7o@163.com'),(5500,'Ashbe','Billy','(785) 8546415','bashbeh7@google.co.uk'),(5501,'Swash','Brigit','(173) 8823590','bswashae@psu.edu'),(5502,'Downey','Giselbert','(505) 3160879','gdowneyqf@biglobe.ne.jp'),(5503,'Porter','Melita','(154) 5589718','mporteret@geocities.com'),(5504,'Brash','Wolfy','(529) 3093837','wbrash65@imdb.com'),(5505,'Pretty','Merrili','(130) 6128034','mpretty8e@google.com.hk'),(5506,'Tantum','Jennette','(956) 7726699','jtantum1h@nifty.com'),(5507,'Dunniom','Gabriele','(203) 7134462','gdunniomht@biglobe.ne.jp'),(5508,'Telling','Gabbie','(965) 8333431','gtellingps@mac.com'),(5509,'Mastrantone','Karol','(163) 1528200','kmastrantonehj@hubpages.com'),(5510,'Saunier','Daveen','(639) 4868645','dsaunier78@uiuc.edu'),(5511,'Jako','Ellen','(904) 4571770','ejako9a@clickbank.net'),(5512,'Rottcher','Mollie','(104) 1526522','mrottcherli@phoca.cz'),(5513,'Ganders','Corilla','(121) 4078413','cganders2i@blogtalkradio.com'),(5514,'Parmby','Lonnie','(425) 4524327','lparmbyd3@scribd.com'),(5515,'Pellitt','Gordan','(295) 2639779','gpellittan@csmonitor.com'),(5516,'Mordin','Virgina','(781) 9221802','vmordinkp@vimeo.com'),(5517,'Yetts','Humfrid','(188) 9356811','hyettsm8@pagesperso-orange.fr'),(5518,'Westphal','Alix','(117) 4464184','awestphalal@cnbc.com'),(5519,'Combe','Harriet','(371) 2800310','hcombehi@adobe.com'),(5520,'Davidoff','Sibylle','(179) 1635443','sdavidoffc5@telegraph.co.uk'),(5521,'Casella','Wilie','(259) 1188874','wcasella54@liveinternet.ru'),(5522,'Dunkinson','Willem','(647) 2140629','wdunkinsonfl@free.fr'),(5523,'Date','Rey','(329) 7064703','rdate37@abc.net.au'),(5524,'Maddison','Ketti','(573) 9295211','kmaddisoncu@elpais.com'),(5525,'Manzell','Natassia','(992) 8173050','nmanzell15@answers.com'),(5526,'Kirtland','Tobias','(473) 7830832','tkirtland3n@macromedia.com'),(5527,'Andri','Onfre','(796) 5463638','oandri8r@imageshack.us'),(5528,'Windaybank','Jilli','(972) 8512482','jwindaybankoz@cbsnews.com'),(5529,'Shoppee','Haven','(700) 4015122','hshoppeef3@homestead.com'),(5530,'Hearnaman','Enriqueta','(434) 4924118','ehearnamanjj@imageshack.us'),(5531,'Castelyn','Tandie','(741) 3874311','tcastelynpe@dion.ne.jp'),(5532,'Nye','Byrann','(207) 4289428','bnyeeo@illinois.edu'),(5533,'Gallymore','Pooh','(177) 1508850','pgallymoremu@gravatar.com'),(5534,'Bengtson','Herve','(108) 3970290','hbengtsonl9@liveinternet.ru'),(5535,'Ebbitt','Alphard','(876) 3447225','aebbittcw@newsvine.com'),(5536,'Skinley','Mellicent','(254) 7089321','mskinleyr0@cam.ac.uk'),(5537,'Hannon','Caritta','(927) 4879095','channonot@cnn.com'),(5538,'Jezzard','Jaimie','(265) 2977906','jjezzardpv@comsenz.com'),(5539,'Reeks','Reynolds','(349) 6473609','rreeksfs@blog.com'),(5540,'Serjent','Nanni','(989) 7162484','nserjentok@amazon.de'),(5541,'Esmead','Augustina','(941) 3260613','aesmead3k@cornell.edu'),(5542,'Pessolt','Hoyt','(801) 6136761','hpessolt8v@spotify.com'),(5543,'Blowers','Clemmie','(690) 9474762','cblowersb5@miitbeian.gov.cn'),(5544,'Chipperfield','Selma','(354) 9913878','schipperfield9b@xinhuanet.com'),(5545,'Notman','Toinette','(154) 4520420','tnotmancp@deviantart.com'),(5546,'Daily','Corbet','(524) 6328231','cdaily99@boston.com'),(5547,'Eddins','Caitlin','(287) 6626975','ceddinsob@yelp.com'),(5548,'Lidbetter','Nellie','(109) 5401531','nlidbetter5t@sina.com.cn'),(5549,'Draisey','Liv','(841) 3293805','ldraiseyaa@dropbox.com'),(5550,'Doumerc','Lauri','(469) 5810954','ldoumerc35@hexun.com'),(5551,'MacCambridge','Siouxie','(235) 1494386','smaccambridgeip@infoseek.co.jp'),(5552,'Billyard','Maury','(731) 5031682','mbillyardba@cocolog-nifty.com'),(5553,'Euston','Hollie','(446) 5516079','heustonin@tripod.com'),(5554,'Labarre','Mordecai','(728) 9990824','mlabarrep6@google.ru'),(5555,'Hofton','Gabi','(938) 2081589','ghoftonfn@wordpress.org'),(5556,'Caze','Bernardo','(954) 6735626','bcaze90@unesco.org'),(5557,'Pester','Kerwinn','(234) 4256242','kpesterqj@gravatar.com'),(5558,'Thorpe','Hansiain','(859) 6756097','hthorpeno@msu.edu'),(5559,'Gerish','Benedict','(407) 3926407','bgerish25@harvard.edu'),(5560,'Zorzin','Bathsheba','(987) 5691645','bzorzinjq@dmoz.org'),(5561,'Dragge','Junina','(442) 2594464','jdraggeqp@a8.net'),(5562,'Hurnell','Brew','(761) 1326648','bhurnell5u@google.com.au'),(5563,'Forbes','Genvieve','(174) 6008430','gforbesau@godaddy.com'),(5564,'Cowe','Chan','(999) 9083799','ccowenz@irs.gov'),(5565,'Shaxby','Godfrey','(441) 4374977','gshaxby6a@ox.ac.uk'),(5566,'Gauler','Melamie','(988) 7875212','mgaulerbb@blogs.com'),(5567,'Shephard','Britteny','(421) 1178578','bshephard4k@studiopress.com'),(5568,'ffrench Beytagh','Gaylord','(996) 2421846','gffrenchbeytaghl4@theguardian.com'),(5569,'Friend','Tildy','(296) 1450795','tfriend6j@java.com'),(5570,'Napper','Alayne','(649) 1244755','anapperle@networkadvertising.org'),(5571,'Alpes','Davine','(488) 4202014','dalpesmc@hhs.gov'),(5572,'Doeg','Isadore','(367) 9760819','idoegkj@businessweek.com'),(5573,'Gilli','Adolphus','(556) 7443068','agillif5@ameblo.jp'),(5574,'Billie','Leoine','(325) 3706702','lbillien@yandex.ru'),(5575,'Orr','Bax','(610) 2045402','borr6s@cargocollective.com'),(5576,'Dayes','Jareb','(993) 7362418','jdayes9q@netlog.com'),(5577,'Tanswill','Charmian','(818) 8764439','ctanswill6z@nhs.uk'),(5578,'Skillitt','Cacilia','(928) 5906440','cskillitt8p@deviantart.com'),(5579,'Thoresby','Doralyn','(217) 9669754','dthoresbym6@gov.uk'),(5580,'Hengoed','Emmy','(257) 7353465','ehengoedn4@hud.gov'),(5581,'Warricker','Esmaria','(570) 6789427','ewarrickerw@discovery.com'),(5582,'Lind','Erminie','(898) 7410924','elindk@fema.gov'),(5583,'Speke','Samantha','(224) 7312891','sspeke8u@spiegel.de'),(5584,'Kelwaybamber','Natalina','(523) 6674882','nkelwaybamber2f@tinyurl.com'),(5585,'Giacovazzo','Garvy','(928) 6048501','ggiacovazzo7k@cocolog-nifty.com'),(5586,'Bakhrushin','Olly','(459) 8915507','obakhrushin8d@mayoclinic.com'),(5587,'Alliband','Erinn','(820) 6822279','ealliband7t@dropbox.com'),(5588,'Odgaard','Glenna','(619) 4802950','godgaardha@pen.io'),(5589,'Garling','Nona','(348) 5477706','ngarlingoa@phpbb.com'),(5590,'Fardon','Garry','(203) 6189314','gfardonjt@meetup.com'),(5591,'Coleson','Goldie','(838) 1847395','gcolesonfo@t-online.de'),(5592,'Fowls','Clemens','(577) 8519534','cfowlsqr@ezinearticles.com'),(5593,'Bockmaster','Preston','(638) 3243378','pbockmasterof@cafepress.com'),(5594,'Westhead','Malachi','(995) 1570303','mwestheadj0@pbs.org'),(5595,'Glenton','Georgine','(156) 7517275','gglenton32@wikimedia.org'),(5596,'Minghetti','Letizia','(621) 4174601','lminghettids@bing.com'),(5597,'Marcos','Anestassia','(389) 9577819','amarcosln@edublogs.org'),(5598,'McQuirk','Andrea','(532) 1438397','amcquirkjh@google.co.uk'),(5599,'Basson','Carolann','(622) 6059432','cbassonf@hud.gov'),(5600,'Rotchell','Albie','(239) 1872289','arotchellnt@acquirethisname.com'),(5601,'Haythornthwaite','Chance','(289) 5429518','chaythornthwaite20@disqus.com'),(5602,'Blader','Moira','(989) 9208870','mblader3v@vinaora.com'),(5603,'Monckman','Merilee','(573) 3255441','mmonckmanlj@elegantthemes.com'),(5604,'Grimston','Daniella','(737) 9351114','dgrimstonma@netscape.com'),(5605,'Boldra','Ciro','(790) 9664559','cboldra5s@wiley.com'),(5606,'Hellyer','Dena','(348) 5014771','dhellyergn@1688.com'),(5607,'McKibben','Lucy','(357) 2570658','lmckibben1w@livejournal.com'),(5608,'Stormes','Billie','(502) 8520074','bstormes5g@apple.com'),(5609,'Frear','Larina','(239) 8414428','lfrear8z@wsj.com'),(5610,'Jaszczak','Lucita','(611) 2180128','ljaszczakcc@salon.com'),(5611,'Leadbeater','Craggy','(436) 5726144','cleadbeater76@psu.edu'),(5612,'Lawlee','Cathrine','(322) 5955312','clawleebt@arstechnica.com'),(5613,'Tebbe','Anallese','(652) 4801471','atebberc@cisco.com'),(5614,'Billinge','Corby','(100) 9614404','cbillingeqc@netvibes.com'),(5615,'Moggie','Delmar','(281) 4698656','dmoggied2@blog.com'),(5616,'McKennan','Judy','(422) 2925017','jmckennandk@guardian.co.uk'),(5617,'Chazelas','Kimberlyn','(415) 9566106','kchazelascv@noaa.gov'),(5618,'Cassin','Stuart','(832) 7920740','scassinl2@timesonline.co.uk'),(5619,'Brandenberg','Hube','(778) 6169496','hbrandenbergro@time.com'),(5620,'Bircher','Henderson','(929) 3432210','hbircherab@tmall.com'),(5621,'Munnion','Nickola','(471) 5931750','nmunnionk9@sina.com.cn'),(5622,'Cuardall','Heath','(122) 8029912','hcuardallhz@sciencedirect.com'),(5623,'Tigwell','Garrard','(279) 9515499','gtigwello0@nsw.gov.au'),(5624,'Vedntyev','Floria','(243) 2000383','fvedntyevg0@ustream.tv'),(5625,'Petti','Andromache','(667) 1696054','apetti3c@pbs.org'),(5626,'Taynton','Madelon','(147) 4572854','mtayntonfw@about.me'),(5627,'Stonham','Ivory','(368) 4533608','istonham85@symantec.com'),(5628,'Masurel','Marc','(110) 1573360','mmasurelk0@cmu.edu'),(5629,'Woodwin','Kerr','(836) 2510901','kwoodwincx@fema.gov'),(5630,'Tebbut','Mata','(816) 6649868','mtebbuted@java.com'),(5631,'Borel','Mortimer','(497) 6536972','mborel8s@twitpic.com'),(5632,'Van der Brugge','Ced','(806) 3366525','cvanderbruggerk@vimeo.com'),(5633,'Iacovozzo','Tania','(569) 8182956','tiacovozzo3t@odnoklassniki.ru'),(5634,'Doey','Sandye','(733) 4279202','sdoeyew@zdnet.com'),(5635,'Tupp','Judye','(376) 6548735','jtupp2k@uol.com.br'),(5636,'Prangle','Allene','(159) 9203566','aprangledt@sitemeter.com'),(5637,'Southworth','Nancy','(909) 4082606','nsouthworthbk@discovery.com'),(5638,'Karlolczak','Allistir','(834) 3621348','akarlolczakn1@google.com'),(5639,'Torry','Pembroke','(566) 7713871','ptorryqt@engadget.com'),(5640,'Peter','Pierre','(494) 9015293','ppeterkc@comcast.net'),(5641,'Shawel','Adaline','(698) 7614719','ashawelby@newsvine.com'),(5642,'Pedron','Danette','(365) 4902616','dpedronim@jugem.jp'),(5643,'Lippett','Clemente','(460) 8137632','clippett3b@gizmodo.com'),(5644,'Perton','Harry','(624) 4486389','hpertonph@cbc.ca'),(5645,'Dollar','Vale','(616) 7245828','vdollarp5@narod.ru'),(5646,'Swateridge','Krispin','(218) 4018657','kswateridge6t@omniture.com'),(5647,'Kellick','Brew','(712) 7587275','bkellickr2@tinyurl.com'),(5648,'Maddox','Franzen','(843) 4147014','fmaddoxlc@foxnews.com'),(5649,'Watton','Danyette','(363) 8035005','dwattonep@youtube.com'),(5650,'Stoyle','Cletis','(683) 4519996','cstoyleld@amazon.com'),(5651,'Wyldbore','Madalyn','(230) 1405173','mwyldbore5b@cafepress.com'),(5652,'Montacute','Ali','(622) 8715882','amontacuteax@creativecommons.org'),(5653,'Preon','Meredith','(754) 3033695','mpreonp@bandcamp.com'),(5654,'Bartlosz','Parnell','(209) 4110672','pbartloszit@ted.com'),(5655,'Philippart','Richard','(286) 4812853','rphilippartf1@cargocollective.com'),(5656,'McGarrahan','Lothario','(108) 3646544','lmcgarrahan9c@umn.edu'),(5657,'Jaquemar','Artus','(944) 6962725','ajaquemarpo@clickbank.net'),(5658,'Semered','Stillmann','(862) 5287939','ssemeredi2@nymag.com'),(5659,'Tabord','Hailee','(170) 4833040','htabordb6@meetup.com'),(5660,'Heak','Gillan','(509) 1613855','gheaka3@myspace.com'),(5661,'Woodfin','Henrieta','(463) 3005228','hwoodfinml@dmoz.org'),(5662,'Crolla','Etheline','(895) 9318502','ecrollap8@dedecms.com'),(5663,'Beden','Gabriele','(973) 2914276','gbedenjv@samsung.com'),(5664,'Gribbins','Naomi','(786) 1102841','ngribbinshf@domainmarket.com'),(5665,'Trickey','Conchita','(431) 9848712','ctrickey1k@nifty.com'),(5666,'Alman','Angelina','(766) 7621918','aalmanbp@state.gov'),(5667,'Spinelli','Thornton','(998) 5734139','tspinelliqk@wikipedia.org'),(5668,'Stubbs','Aubrette','(378) 2247116','astubbs19@mit.edu'),(5669,'Gowrie','Dacy','(861) 1919468','dgowriemf@godaddy.com'),(5670,'Dabs','Deva','(502) 1908777','ddabsb1@tamu.edu'),(5671,'De Cruz','Sibilla','(715) 6585499','sdecruzbg@aboutads.info'),(5672,'Couronne','Stanfield','(727) 3101440','scouronneg1@nymag.com'),(5673,'Deverose','Estell','(499) 3078194','edeverose1p@oracle.com'),(5674,'Eggerton','Cherice','(905) 1617849','ceggerton62@msn.com'),(5675,'Burgwyn','Thatcher','(354) 6020290','tburgwynlm@liveinternet.ru'),(5676,'Blagbrough','Faustina','(571) 1302578','fblagbroughpl@ft.com'),(5677,'Tiffin','Felic','(217) 5817186','ftiffin12@businessinsider.com'),(5678,'Issakov','Waneta','(429) 8285253','wissakove8@technorati.com'),(5679,'Gallifont','Dulsea','(119) 2604309','dgallifontm5@google.co.uk'),(5680,'Muglestone','Eduard','(914) 4770934','emuglestone2t@example.com'),(5681,'Munnings','Georges','(707) 7043216','gmunnings9n@state.tx.us'),(5682,'Downer','Eldin','(759) 9986099','edownerga@ning.com'),(5683,'Soall','Merrill','(665) 5064053','msoalldo@nationalgeographic.com'),(5684,'Knipe','Carine','(305) 3225032','cknipe1b@altervista.org'),(5685,'Watterson','Coop','(887) 8840693','cwatterson9h@multiply.com'),(5686,'Smaling','Estevan','(286) 8891736','esmalingh2@merriam-webster.com'),(5687,'Clinkard','Ruy','(783) 6064727','rclinkardd7@nhs.uk'),(5688,'Mourge','Drusie','(870) 2617665','dmourgeka@dropbox.com'),(5689,'Bellee','Sinclair','(177) 2772310','sbelleec1@economist.com'),(5690,'Housley','Lonnie','(903) 6855456','lhousleyq9@goo.gl'),(5691,'Cruce','Tanitansy','(185) 3012878','tcrucei9@amazon.co.uk'),(5692,'Mulles','Haywood','(814) 2800034','hmullese9@topsy.com'),(5693,'Dashkov','Danya','(542) 5340992','ddashkovns@wikimedia.org'),(5694,'Gertray','Clarita','(108) 1055249','cgertrayi5@icq.com'),(5695,'Bywaters','Giovanna','(906) 9897539','gbywatersay@theglobeandmail.com'),(5696,'Goshawke','Janean','(802) 7939944','jgoshawkel@meetup.com'),(5697,'Eglinton','Mela','(348) 4322907','meglintond6@ibm.com'),(5698,'Duetschens','Towney','(583) 5043460','tduetschensix@tripadvisor.com'),(5699,'Melbourn','Imogene','(999) 7686393','imelbournky@wisc.edu'),(5700,'Handscombe','Tabitha','(190) 4772726','thandscombekd@reference.com'),(5701,'Longworthy','Asher','(202) 9877599','alongworthykt@odnoklassniki.ru'),(5702,'Paulisch','Rosaleen','(797) 2803453','rpaulischcn@bbc.co.uk'),(5703,'Liddard','Pedro','(379) 3156281','pliddard5a@de.vu'),(5704,'Schankelborg','Bing','(832) 1241206','bschankelborg1e@timesonline.co.uk'),(5705,'De Paoli','Konstantine','(933) 9587951','kdepaolinp@dailymotion.com'),(5706,'Dodding','Tucky','(680) 7727746','tdodding6e@dell.com'),(5707,'Torvey','Ricki','(183) 5095132','rtorveyoi@weather.com'),(5708,'Loveman','Breanne','(663) 8894190','blovemandf@photobucket.com'),(5709,'O\'Towey','Mela','(684) 1904832','motoweyfj@acquirethisname.com'),(5710,'Fairlem','Ashlin','(938) 7983551','afairlemd0@fda.gov'),(5711,'Alldridge','Silvain','(175) 2167212','salldridgemp@aboutads.info'),(5712,'Gelletly','Letta','(673) 3532109','lgelletly4l@surveymonkey.com'),(5713,'Gumme','Rutledge','(492) 2278852','rgummedu@vinaora.com'),(5714,'Farrears','Ole','(899) 4518990','ofarrearshw@example.com'),(5715,'Hardacre','Astrid','(549) 4269479','ahardacre1n@themeforest.net'),(5716,'Parlour','Winnah','(304) 1765041','wparlouroo@sakura.ne.jp'),(5717,'O\'Hannen','Lorettalorna','(272) 4737115','lohannenaq@goo.ne.jp'),(5718,'Hebbard','Joeann','(690) 3204640','jhebbardoy@nps.gov'),(5719,'Scarlin','Kellyann','(955) 2295643','kscarlin97@topsy.com'),(5720,'Dearnaley','William','(780) 6903276','wdearnaleyev@phoca.cz'),(5721,'Scamal','Nannette','(757) 8540725','nscamalne@deliciousdays.com'),(5722,'Jiricka','Winnie','(297) 2209845','wjirickalo@bloglines.com'),(5723,'Priel','Morna','(580) 3868256','mprielq6@chronoengine.com'),(5724,'Bartholomew','Mariel','(165) 3841058','mbartholomewbm@ning.com'),(5725,'Bozworth','Cal','(691) 3107898','cbozworth8q@berkeley.edu'),(5726,'Laughrey','Roselle','(143) 1310581','rlaughrey59@oracle.com'),(5727,'Messer','Vanya','(716) 9268487','vmesserge@cdbaby.com'),(5728,'Albertson','Martino','(726) 2212625','malbertsonv@edublogs.org'),(5729,'Lambard','Ilka','(864) 1794820','ilambardgx@mlb.com'),(5730,'Gutridge','Cointon','(536) 1996955','cgutridge8h@ifeng.com'),(5731,'Shetliff','Atlanta','(810) 9871679','ashetliff3z@51.la'),(5732,'Webb','Aloisia','(363) 6866687','awebb7e@yelp.com'),(5733,'Vynarde','Giavani','(753) 6986737','gvynardeo1@whitehouse.gov'),(5734,'Huntley','Ruddy','(857) 6905259','rhuntleyre@tiny.cc'),(5735,'Papes','Natalina','(226) 8299934','npapes26@narod.ru'),(5736,'Matt','Tad','(907) 1967581','tmatt4u@google.nl'),(5737,'McRonald','Laurella','(202) 6082715','lmcronaldcz@howstuffworks.com'),(5738,'Pane','Lurline','(658) 3395184','lpanedd@ustream.tv'),(5739,'Howsan','Linnea','(279) 4263668','lhowsan5e@whitehouse.gov'),(5740,'Lillgard','Robb','(791) 6927107','rlillgard11@disqus.com'),(5741,'Mackilpatrick','Ryun','(194) 2233394','rmackilpatrickq0@1und1.de'),(5742,'McMenamie','Korney','(796) 4529313','kmcmenamieb@oracle.com'),(5743,'Dalling','Mandel','(193) 6286668','mdalling61@networkadvertising.org'),(5744,'Pyecroft','Mead','(462) 4244902','mpyecroftb2@creativecommons.org'),(5745,'Kisting','Viviana','(965) 1935292','vkisting2u@reuters.com'),(5746,'Lowdwell','Michel','(266) 8949655','mlowdwellis@telegraph.co.uk'),(5747,'Brownhall','Neron','(300) 1451110','nbrownhallk6@dropbox.com'),(5748,'Kenworthey','Joannes','(177) 5817786','jkenwortheyjy@a8.net'),(5749,'McVee','Orrin','(223) 8594124','omcvee60@wiley.com'),(5750,'Wingate','Forster','(584) 7508635','fwingatehd@sciencedaily.com'),(5751,'Hallitt','Shandee','(542) 5387982','shallitte5@independent.co.uk'),(5752,'Bardell','Blondie','(573) 3935851','bbardellmo@google.pl'),(5753,'Isherwood','Levi','(734) 3363139','lisherwoodx@google.it'),(5754,'Beccera','Eyde','(286) 2127572','ebeccera3x@mlb.com'),(5755,'Ellington','Mathilda','(410) 4735734','mellingtonc7@addtoany.com'),(5756,'Keddy','Pavla','(626) 2657733','pkeddyc3@ocn.ne.jp'),(5757,'McCuis','Galvan','(580) 7496379','gmccuis9d@webnode.com'),(5758,'Tebb','Nikoletta','(102) 7670929','ntebb5o@meetup.com'),(5759,'Caitlin','Antonio','(866) 5379257','acaitlin6d@barnesandnoble.com'),(5760,'Alven','Harrison','(339) 2286958','halvenc4@netlog.com'),(5761,'Waight','Alana','(587) 5189516','awaightbl@apache.org'),(5762,'Bulward','Gus','(966) 9995774','gbulwardl0@google.com.au'),(5763,'Dolbey','Ardath','(223) 4316326','adolbeyki@icio.us'),(5764,'Fernandes','Atalanta','(317) 7874939','afernandesi8@pinterest.com'),(5765,'Field','Nannette','(145) 5639248','nfieldj8@clickbank.net'),(5766,'Pedri','Edie','(732) 6056388','epedriag@wordpress.org'),(5767,'Morilla','Maisie','(871) 9407361','mmorilla2n@dot.gov'),(5768,'Chern','Estrellita','(228) 1052672','echernrj@google.it'),(5769,'Benne','Maggie','(513) 1369258','mbennegs@netscape.com'),(5770,'Lomond','Vernen','(512) 1496098','vlomondz@harvard.edu'),(5771,'Pail','Pacorro','(827) 2577633','ppail3@acquirethisname.com'),(5772,'Wasling','Janessa','(922) 8614034','jwasling27@loc.gov'),(5773,'Skurm','Wilden','(939) 2570687','wskurmc@rambler.ru'),(5774,'Willishire','Sophi','(916) 7029367','swillishirehm@ycombinator.com'),(5775,'Merton','Phaedra','(392) 9472787','pmerton5d@wikia.com'),(5776,'Tournay','Dre','(647) 9350207','dtournaymy@foxnews.com'),(5777,'Komorowski','Gillian','(421) 8818890','gkomorowskigw@ning.com'),(5778,'Titcomb','Jilli','(193) 1279976','jtitcombla@msn.com'),(5779,'Apedaile','Cord','(121) 3935896','capedaile5f@pcworld.com'),(5780,'Pighills','Meyer','(525) 6296817','mpighillsem@dagondesign.com'),(5781,'Hebbs','Burg','(628) 3355032','bhebbspq@naver.com'),(5782,'Dowrey','Tamqrah','(691) 2635680','tdowreyqs@cnet.com'),(5783,'Birrel','Tawnya','(261) 9687761','tbirrell8@nsw.gov.au'),(5784,'Asche','Kizzee','(425) 9307357','kasche10@flickr.com'),(5785,'Radbourn','Jeanne','(818) 9932718','jradbourncq@icio.us'),(5786,'Darwent','Jacqueline','(220) 6966225','jdarwenter@reuters.com'),(5787,'Cheake','Modesta','(678) 7001677','mcheaker9@sphinn.com'),(5788,'Alwin','Cornelle','(829) 6495450','calwinia@163.com'),(5789,'Ager','Alta','(545) 2787380','aager9u@elpais.com'),(5790,'Greenroad','Stacee','(972) 6537999','sgreenroad7f@instagram.com'),(5791,'Doreward','Myca','(625) 8299160','mdorewardmb@tripod.com'),(5792,'Ridgeway','Daryle','(212) 7656861','dridgeway8@squidoo.com'),(5793,'Bellocht','Ritchie','(486) 1388898','rbellochtbr@vistaprint.com'),(5794,'Duckitt','Alasteir','(663) 1388333','aduckitti4@jigsy.com'),(5795,'De Mattia','Cobby','(448) 2212319','cdemattia9j@geocities.com'),(5796,'Magee','Maire','(217) 1132622','mmagee1q@fda.gov'),(5797,'Kewley','Minda','(412) 8231802','mkewley13@pagesperso-orange.fr'),(5798,'Dudny','Madelle','(383) 3090719','mdudny7g@ehow.com'),(5799,'Winstone','Dannie','(805) 7040276','dwinstonei6@nymag.com'),(5800,'Pashan','Marianne','(309) 1933244','mpashan86@uiuc.edu'),(5801,'Godmar','Elane','(828) 6796437','egodmari3@amazon.co.jp'),(5802,'Borrows','Worthy','(448) 5948602','wborrows4o@printfriendly.com'),(5803,'Housiaux','Cynthie','(855) 1591121','chousiauxp1@arizona.edu'),(5804,'Dallin','Kilian','(837) 9951771','kdallinii@amazon.co.uk'),(5805,'Liddiard','Ignace','(749) 2974956','iliddiardlq@aol.com'),(5806,'Wallege','Thatch','(967) 6617307','twallegem3@msn.com'),(5807,'Eltun','Leeland','(935) 3803028','leltunjm@narod.ru'),(5808,'Blaik','Merl','(231) 2053066','mblaikmq@unicef.org'),(5809,'Brameld','Claiborne','(684) 8779279','cbrameldpb@slideshare.net'),(5810,'Livings','Lilian','(519) 3790001','llivingsa@illinois.edu'),(5811,'Stabler','Ichabod','(605) 9956157','istablerll@feedburner.com'),(5812,'Avo','Maury','(855) 3334088','mavo5@opensource.org'),(5813,'Etchell','Mala','(307) 1795661','metchell5z@abc.net.au'),(5814,'Fitkin','Delmar','(441) 2731919','dfitkinls@state.gov'),(5815,'Cecchi','Nedda','(850) 7659383','ncecchimn@ed.gov'),(5816,'Monni','Cicely','(894) 5806182','cmonnidg@fc2.com'),(5817,'Haggata','Melisenda','(234) 9057386','mhaggatamw@tmall.com'),(5818,'Glazzard','Ninon','(122) 3329418','nglazzard6u@altervista.org'),(5819,'Gritskov','Aeriell','(276) 4948351','agritskovgk@prnewswire.com'),(5820,'Kilius','Andros','(908) 2944032','akiliusgu@etsy.com'),(5821,'Marney','Ivar','(613) 4204144','imarneyid@vkontakte.ru'),(5822,'Dooler','Benjamen','(178) 1101496','bdoolern5@networksolutions.com'),(5823,'Trenaman','Bayard','(688) 4298007','btrenaman3g@paginegialle.it'),(5824,'Nizard','Elise','(138) 7790478','enizardp2@bing.com'),(5825,'Bosson','Vale','(834) 8589215','vbossonlu@opensource.org'),(5826,'Iskow','Emalee','(407) 1504573','eiskowcb@ning.com'),(5827,'Simionato','Carey','(712) 5918258','csimionatom2@bandcamp.com'),(5828,'Mitford','Chaddie','(449) 7538698','cmitford5l@cdc.gov'),(5829,'Pettman','Anitra','(233) 3299047','apettman55@linkedin.com'),(5830,'Drohun','Ingaborg','(149) 8094055','idrohunnl@example.com'),(5831,'Piller','Mack','(596) 3185754','mpiller6v@reddit.com'),(5832,'Rasmus','Bobbee','(950) 5559840','brasmusb0@disqus.com'),(5833,'McIlreavy','Simona','(819) 8283682','smcilreavyq7@ucla.edu'),(5834,'Wynett','Griffy','(498) 2905785','gwynett4t@time.com'),(5835,'Kiddey','Ninnetta','(131) 9093560','nkiddey4p@themeforest.net'),(5836,'Karys','Carmelita','(237) 9194351','ckarysrq@soup.io'),(5837,'Van Brug','Brendon','(892) 4811075','bvanbrugct@slideshare.net'),(5838,'Hinzer','Emile','(161) 6186220','ehinzer9@google.com'),(5839,'MacElroy','Em','(948) 4391068','emacelroy30@go.com'),(5840,'Lochran','Brade','(225) 6865241','blochranel@51.la'),(5841,'Schieferstein','Margarete','(342) 8377868','mschiefersteine1@salon.com'),(5842,'Bridgen','Gay','(800) 9350472','gbridgen6b@shinystat.com'),(5843,'Akram','Sharla','(144) 4640224','sakram1y@nifty.com'),(5844,'Skellion','Gillie','(355) 1430083','gskellion6k@ask.com'),(5845,'Danelet','Frants','(164) 4995758','fdaneletkh@dyndns.org'),(5846,'Satterly','Anissa','(504) 8205729','asatterlybn@salon.com'),(5847,'Volleth','Tersina','(106) 6402717','tvollethgo@go.com'),(5848,'Stollwerk','Dillon','(889) 7660158','dstollwerkil@eventbrite.com'),(5849,'Siburn','Jozef','(235) 3605803','jsiburniv@sogou.com'),(5850,'Renol','Etta','(901) 2987561','erenol33@utexas.edu'),(5851,'Ruit','Jude','(812) 5590671','jruit89@omniture.com'),(5852,'Kenan','Arlen','(175) 9071120','akenann9@google.co.uk'),(5853,'Lammenga','Ambrosius','(106) 8314042','alammengame@e-recht24.de'),(5854,'Vedekhov','Shana','(918) 6568605','svedekhovkm@psu.edu'),(5855,'Franzolini','Bea','(899) 5596387','bfranzolini8n@patch.com'),(5856,'Reynolds','Dee','(984) 7139381','dreynolds1o@ibm.com'),(5857,'Fossord','Iorgo','(723) 3686984','ifossord2m@nyu.edu'),(5858,'Dartnall','Clay','(622) 9571427','cdartnallgi@geocities.com'),(5859,'Katte','Farand','(317) 1130632','fkattej3@pbs.org'),(5860,'Rearden','Freida','(292) 9196458','freardenas@elpais.com'),(5861,'Aris','Tammie','(607) 3521975','tarish6@meetup.com'),(5862,'Terran','Hiram','(222) 5253100','hterran5j@deliciousdays.com'),(5863,'Hartshorn','Irena','(622) 4944958','ihartshorn93@uiuc.edu'),(5864,'Saket','Jemima','(669) 1448496','jsaket24@uiuc.edu'),(5865,'Keiley','Angelina','(751) 3076275','akeileyik@wordpress.com'),(5866,'Fellgatt','Georgeanne','(763) 2448801','gfellgatt6w@cloudflare.com'),(5867,'De Dei','Marius','(162) 6242473','mdedeil3@archive.org'),(5868,'Shrubshall','Reginauld','(859) 8440280','rshrubshallnb@smh.com.au'),(5869,'Ullock','Ricki','(319) 4408914','rullocken@senate.gov'),(5870,'Ballin','Henrik','(637) 7703148','hballingt@purevolume.com'),(5871,'Hustler','Wilfred','(707) 2416964','whustlerrh@elegantthemes.com'),(5872,'Crossan','Jorgan','(245) 1947086','jcrossanke@ca.gov'),(5873,'Ceyssen','Pavel','(898) 3986092','pceyssen3i@xinhuanet.com'),(5874,'Holdall','Angus','(519) 3771705','aholdallni@t-online.de'),(5875,'Terry','Cristy','(767) 4782248','cterrydh@reference.com'),(5876,'Tosh','Koren','(327) 1613016','ktosh52@nhs.uk'),(5877,'Biasioli','Sawyere','(186) 7452149','sbiasiolij@jiathis.com'),(5878,'Eskrigg','Elladine','(564) 8826964','eeskrigghb@hubpages.com'),(5879,'Garfirth','Athene','(741) 7224800','agarfirthj2@businessinsider.com'),(5880,'Soanes','Adrea','(452) 1450289','asoanespx@nbcnews.com'),(5881,'Filisov','Rheta','(530) 1117849','rfilisovfx@php.net'),(5882,'Croson','Glennie','(817) 1466509','gcrosonqx@blog.com'),(5883,'Garbert','Hillel','(903) 8511190','hgarbert46@arstechnica.com'),(5884,'Laytham','Martainn','(175) 2949930','mlaytham66@jiathis.com'),(5885,'Fessler','Ethyl','(894) 7093397','efesslerhk@bloglines.com'),(5886,'Lapwood','Tommy','(350) 7074710','tlapwood8g@dedecms.com'),(5887,'Kienzle','Starla','(894) 6047602','skienzledb@kickstarter.com'),(5888,'Dowthwaite','Sabrina','(466) 4220902','sdowthwaite7j@gravatar.com'),(5889,'MacCauley','Dedie','(888) 3879938','dmaccauleylz@theglobeandmail.com'),(5890,'MacMeeking','Frasco','(863) 6991539','fmacmeekingoh@joomla.org'),(5891,'Trengrouse','Corinne','(120) 6257765','ctrengrousej9@nytimes.com'),(5892,'Squirrel','Poul','(241) 1801166','psquirrel1d@oaic.gov.au'),(5893,'Marcum','Arden','(166) 3067555','amarcum4b@behance.net'),(5894,'Charnley','Elga','(825) 4766762','echarnleybw@nps.gov'),(5895,'Pruce','Henderson','(655) 4609212','hpruce4j@discuz.net'),(5896,'Pahlsson','Doe','(110) 6703894','dpahlssona7@chronoengine.com'),(5897,'Nibley','Gilberta','(323) 5084114','gnibleybz@webeden.co.uk'),(5898,'Staner','Anny','(336) 5964914','astanerjw@comsenz.com'),(5899,'Brugmann','Rosabelle','(347) 9202181','rbrugmannra@washingtonpost.com'),(5900,'Strothers','Puff','(445) 2047404','pstrotherso9@webnode.com'),(5901,'Porteous','Roxanne','(844) 9167423','rporteousol@sun.com'),(5902,'Annice','Valentino','(934) 1557331','vannice9s@cam.ac.uk'),(5903,'Busher','Nolly','(350) 3729757','nbushereu@psu.edu'),(5904,'Kingscott','Rudiger','(471) 8960577','rkingscotta1@51.la'),(5905,'Dupey','Linea','(638) 3073125','ldupeyo6@multiply.com'),(5906,'Atter','Carlin','(458) 6895550','catterg9@over-blog.com'),(5907,'Pritchard','Regina','(372) 7033019','rpritchardkr@techcrunch.com'),(5908,'de Cullip','Sula','(521) 6644747','sdecullip40@chron.com'),(5909,'Bastable','Marie-jeanne','(951) 1284316','mbastableiz@yahoo.co.jp'),(5910,'Marvelley','Clarinda','(270) 4199866','cmarvelley7n@dedecms.com'),(5911,'Levene','Manon','(779) 4473698','mlevenedq@dropbox.com'),(5912,'Petr','Caro','(508) 3727397','cpetr92@pbs.org'),(5913,'Whiteland','Lory','(281) 4022579','lwhitelandgf@miitbeian.gov.cn'),(5914,'Cumberland','Jerrie','(437) 1385843','jcumberlandlx@sogou.com'),(5915,'Augustine','Aleta','(372) 7586680','aaugustinemg@joomla.org'),(5916,'Kynoch','Kamila','(421) 8598306','kkynochek@businesswire.com'),(5917,'Ganforthe','Mirna','(380) 6312240','mganforthec2@indiegogo.com'),(5918,'Linklet','Arabel','(324) 8163550','alinkletdv@mtv.com'),(5919,'Starr','Michaella','(426) 6505257','mstarrk1@de.vu'),(5920,'Quigg','Mavra','(343) 7052922','mquiggmr@exblog.jp'),(5921,'Terney','Monte','(685) 7575026','mterneyg7@weebly.com'),(5922,'Orhtmann','Towny','(231) 5656119','torhtmanniw@nationalgeographic.com'),(5923,'Berkelay','Burtie','(905) 5381580','bberkelay8i@barnesandnoble.com'),(5924,'Folliott','Tonnie','(311) 5219962','tfolliott6h@theatlantic.com'),(5925,'Christol','Kiah','(509) 9914843','kchristoljs@i2i.jp'),(5926,'Ladbury','Remus','(572) 2934616','rladburyi1@sbwire.com');
/*!40000 ALTER TABLE `customer` ENABLE KEYS */;
UNLOCK TABLES;

--
-- Table structure for table `grape`
--

DROP TABLE IF EXISTS `grape`;
/*!40101 SET @saved_cs_client     = @@character_set_client */;
/*!40101 SET character_set_client = utf8 */;
CREATE TABLE `grape` (
  `grape_id` int(11) NOT NULL AUTO_INCREMENT,
  `grape_name` varchar(20) NOT NULL,
  `style` varchar(10) NOT NULL,
  PRIMARY KEY (`grape_id`)
) ENGINE=InnoDB AUTO_INCREMENT=145 DEFAULT CHARSET=utf8mb4 MAX_ROWS=899;
/*!40101 SET character_set_client = @saved_cs_client */;

--
-- Dumping data for table `grape`
--

LOCK TABLES `grape` WRITE;
/*!40000 ALTER TABLE `grape` DISABLE KEYS */;
INSERT INTO `grape` VALUES (100,'Barbera','Red'),(101,'Cabernet Franc','Red'),(102,'Cabernet Sauvignon','Red'),(103,'Carmenere','Red'),(104,'Cinsaut','Red'),(105,'Gamay','Red'),(106,'Lambrusco','Red'),(107,'Merlot','Red'),(108,'Montepulciano','Red'),(109,'Negroamaro','Red'),(110,'Nero dAvola','Red'),(111,'Pinotage','Red'),(112,'Sangiovese','Red'),(113,'Schioppettino','Red'),(114,'Shiraz','Red'),(115,'Airen','White'),(116,'Bacchus','White'),(117,'Chardonnay','White'),(118,'Colombard','White'),(119,'Falanghina','White'),(120,'Fiano','White'),(121,'Godello','White'),(122,'Semillon','White'),(123,'Verdea','White'),(124,'Verdejo','White'),(125,'Verdicchio','White'),(126,'Vital','White'),(127,'Red Bordeaux','Red'),(128,'White Bordeaux','White'),(129,'Chateauneuf du Pape','Red'),(130,'Chianti','Red'),(131,'Super Tuscan','Red'),(132,'Amarone','Red'),(133,'Soave','White'),(134,'Cava','White'),(135,'Rioja','Red'),(136,'Priorat','Red'),(137,'Meritage','Red'),(138,'GSM Rhone','Red'),(139,'White Rhone Blend','White'),(140,'Red Burgundy','Red'),(141,'White Burgundy','White'),(143,'Abbuoto','Red'),(144,'Arinto','White');
/*!40000 ALTER TABLE `grape` ENABLE KEYS */;
UNLOCK TABLES;

--
-- Table structure for table `order`
--

DROP TABLE IF EXISTS `order`;
/*!40101 SET @saved_cs_client     = @@character_set_client */;
/*!40101 SET character_set_client = utf8 */;
CREATE TABLE `order` (
  `order_id` int(11) NOT NULL AUTO_INCREMENT,
  `wine_id` int(11) DEFAULT NULL,
  `customer_id` int(11) DEFAULT NULL,
  `timestamp` datetime DEFAULT NULL,
  `quantity` int(11) DEFAULT NULL,
  `warehouse_ecode` varchar(7) DEFAULT NULL,
  PRIMARY KEY (`order_id`),
  KEY `order_wine_idx` (`wine_id`),
  KEY `order_customer_idx` (`customer_id`),
  KEY `order_warehouse_idx` (`warehouse_ecode`),
  CONSTRAINT `order_customer` FOREIGN KEY (`customer_id`) REFERENCES `customer` (`customer_id`) ON DELETE SET NULL,
  CONSTRAINT `order_warehouse` FOREIGN KEY (`warehouse_ecode`) REFERENCES `warehouse` (`warehouse_ecode`),
  CONSTRAINT `order_wine` FOREIGN KEY (`wine_id`) REFERENCES `wine` (`wine_id`)
) ENGINE=InnoDB AUTO_INCREMENT=101000 DEFAULT CHARSET=utf8mb4;
/*!40101 SET character_set_client = @saved_cs_client */;

--
-- Dumping data for table `order`
--

LOCK TABLES `order` WRITE;
/*!40000 ALTER TABLE `order` DISABLE KEYS */;
INSERT INTO `order` VALUES (100000,10244,5898,'2015-01-03 08:58:26',70,'B35T9E3'),(100001,10396,5302,'2015-01-04 23:00:53',25,'B35T9E3'),(100002,10256,5015,'2015-01-05 01:28:05',86,'T63F9R4'),(100003,10219,5221,'2015-01-05 10:32:23',54,'B89U0P1'),(100004,10205,5701,'2015-01-05 13:44:16',38,'S44H4U8'),(100005,10441,5872,'2015-01-14 19:59:35',45,'S44H4U8'),(100006,10447,5815,'2015-01-15 18:15:36',12,'T63F9R4'),(100007,10536,5349,'2015-01-19 18:29:23',68,'S44H4U8'),(100008,10414,5056,'2015-01-23 13:53:24',67,'S44H4U8'),(100009,10412,5479,'2015-01-24 04:35:27',48,'B35T9E3'),(100010,10426,5176,'2015-01-27 18:54:09',8,'S44H4U8'),(100011,10498,5461,'2015-01-28 01:58:54',60,'B35T9E3'),(100012,10413,5004,'2015-02-02 07:58:00',82,'B89U0P1'),(100013,10327,5085,'2015-02-05 01:17:19',47,'S44H4U8'),(100014,10445,5273,'2015-02-06 06:55:09',22,'B89U0P1'),(100015,10463,5867,'2015-02-07 05:37:19',71,'S44H4U8'),(100016,10545,5415,'2015-02-08 06:43:52',38,'B35T9E3'),(100017,10287,5081,'2015-02-09 03:44:09',47,'B35T9E3'),(100018,10218,5046,'2015-02-09 11:44:10',96,'T63F9R4'),(100019,10526,5640,'2015-02-11 00:01:33',13,'BT27GB'),(100020,10542,5305,'2015-02-15 02:04:29',8,'B35T9E3'),(100021,10465,5550,'2015-02-16 04:58:22',88,'B89U0P1'),(100022,10368,5171,'2015-02-17 11:19:11',56,'B89U0P1'),(100023,10290,5708,'2015-02-19 22:44:50',77,'B89U0P1'),(100024,10527,5392,'2015-02-20 03:45:26',47,'BT27GB'),(100025,10518,5465,'2015-02-21 05:13:18',71,'S44H4U8'),(100026,10182,5684,'2015-02-25 05:19:50',69,'B89U0P1'),(100027,10180,5275,'2015-02-25 18:51:06',9,'S44H4U8'),(100028,10368,5654,'2015-03-05 14:34:53',64,'T63F9R4'),(100029,10313,5879,'2015-03-14 04:06:22',1,'T63F9R4'),(100030,10365,5441,'2015-03-21 17:37:24',65,'S44H4U8'),(100031,10208,5754,'2015-03-22 01:04:19',93,'B89U0P1'),(100032,10310,5665,'2015-03-24 07:06:42',49,'S44H4U8'),(100033,10477,5619,'2015-03-24 14:57:35',63,'B89U0P1'),(100034,10389,5265,'2015-04-01 18:30:14',36,'B35T9E3'),(100035,10309,5695,'2015-04-02 08:34:14',67,'T63F9R4'),(100036,10276,5335,'2015-04-06 08:01:51',78,'B35T9E3'),(100037,10240,5314,'2015-04-14 21:00:21',33,'BT27GB'),(100038,10522,5539,'2015-04-16 14:25:40',7,'B35T9E3'),(100039,10515,5111,'2015-04-19 17:50:14',57,'B35T9E3'),(100040,10403,5827,'2015-04-20 17:30:32',79,'T63F9R4'),(100041,10367,5693,'2015-04-21 02:28:53',14,'B89U0P1'),(100042,10503,5417,'2015-04-21 21:08:55',57,'S44H4U8'),(100043,10469,5504,'2015-04-22 02:42:48',23,'B35T9E3'),(100044,10502,5185,'2015-04-23 17:44:38',4,'S44H4U8'),(100045,10367,5010,'2015-04-26 21:56:41',83,'B89U0P1'),(100046,10356,5780,'2015-04-27 23:08:03',80,'B89U0P1'),(100047,10188,5516,'2015-04-28 10:56:51',45,'T63F9R4'),(100048,10373,5222,'2015-04-28 23:07:51',29,'S44H4U8'),(100049,10327,5394,'2015-04-30 16:45:08',84,'S44H4U8'),(100050,10224,5100,'2015-04-30 18:08:23',77,'S44H4U8'),(100051,10211,5549,'2015-05-02 22:59:10',23,'B89U0P1'),(100052,10518,5008,'2015-05-12 17:22:37',99,'B35T9E3'),(100053,10489,5495,'2015-05-17 18:57:00',100,'B89U0P1'),(100054,10281,5458,'2015-05-18 01:54:26',67,'B35T9E3'),(100055,10315,5288,'2015-05-19 11:33:11',38,'C56U8U9'),(100056,10212,5020,'2015-05-24 03:51:11',79,'B89U0P1'),(100057,10278,5719,'2015-05-26 12:08:04',64,'B35T9E3'),(100058,10536,5638,'2015-05-28 05:59:09',100,'B35T9E3'),(100059,10330,5476,'2015-05-29 09:04:49',6,'B35T9E3'),(100060,10401,5223,'2015-05-29 09:39:52',78,'S44H4U8'),(100061,10489,5201,'2015-05-29 15:58:47',19,'B89U0P1'),(100062,10287,5663,'2015-05-31 10:14:59',12,'B35T9E3'),(100063,10275,5555,'2015-06-01 10:05:16',43,'T63F9R4'),(100064,10348,5925,'2015-06-02 05:22:15',59,'B35T9E3'),(100065,10211,5722,'2015-06-04 05:46:28',59,'S44H4U8'),(100066,10420,5000,'2015-06-11 17:31:32',36,'S44H4U8'),(100067,10185,5335,'2015-06-14 08:33:03',28,'B89U0P1'),(100068,10413,5002,'2015-06-15 13:52:55',49,'B35T9E3'),(100069,10474,5814,'2015-06-16 23:17:16',27,'T63F9R4'),(100070,10518,5024,'2015-06-19 19:35:56',88,'T63F9R4'),(100071,10345,5747,'2015-06-19 22:36:57',46,'B89U0P1'),(100072,10237,5229,'2015-06-22 02:34:17',96,'B89U0P1'),(100073,10200,5126,'2015-06-26 02:48:50',85,'T63F9R4'),(100074,10223,5912,'2015-06-29 22:47:06',54,'S44H4U8'),(100075,10538,5635,'2015-07-07 05:15:05',69,'T63F9R4'),(100076,10257,5287,'2015-07-08 11:13:40',59,'B35T9E3'),(100077,10370,5375,'2015-07-11 10:05:01',94,'B89U0P1'),(100078,10484,5680,'2015-07-16 08:43:52',4,'B89U0P1'),(100079,10396,5419,'2015-07-19 17:34:22',26,'B35T9E3'),(100080,10382,5255,'2015-07-20 16:57:05',48,'B35T9E3'),(100081,10401,5528,'2015-07-21 15:37:46',23,'B89U0P1'),(100082,10491,5804,'2015-07-26 18:00:36',17,'B89U0P1'),(100083,10349,5628,'2015-07-28 13:36:59',80,'B89U0P1'),(100084,10513,5586,'2015-07-29 00:46:50',55,'B89U0P1'),(100085,10276,5394,'2015-08-01 20:41:45',90,'B35T9E3'),(100086,10229,5821,'2015-08-10 06:19:04',25,'B89U0P1'),(100087,10519,5332,'2015-08-11 09:23:57',90,'C56U8U9'),(100088,10484,5202,'2015-08-13 00:14:30',59,'S44H4U8'),(100089,10265,5491,'2015-08-15 01:02:28',69,'B35T9E3'),(100090,10472,5579,'2015-08-15 07:53:01',13,'B89U0P1'),(100091,10527,5877,'2015-08-15 09:06:26',54,'T63F9R4'),(100092,10336,5777,'2015-08-15 15:47:53',30,'B89U0P1'),(100093,10321,5487,'2015-08-18 11:18:44',89,'B89U0P1'),(100094,10373,5442,'2015-08-18 21:24:11',27,'B35T9E3'),(100095,10262,5148,'2015-08-19 01:23:00',88,'T63F9R4'),(100096,10306,5616,'2015-08-20 18:38:27',56,'T63F9R4'),(100097,10540,5554,'2015-08-21 03:11:55',3,'S44H4U8'),(100098,10223,5743,'2015-08-24 11:34:12',41,'T63F9R4'),(100099,10205,5445,'2015-08-24 15:16:11',25,'B35T9E3'),(100100,10538,5746,'2015-08-25 12:18:45',25,'B89U0P1'),(100101,10314,5717,'2015-08-27 03:29:39',67,'B35T9E3'),(100102,10429,5884,'2015-08-29 06:16:02',17,'B35T9E3'),(100103,10236,5442,'2015-09-01 01:15:33',23,'B89U0P1'),(100104,10462,5128,'2015-09-07 06:31:41',53,'T63F9R4'),(100105,10366,5324,'2015-09-09 16:26:47',32,'S44H4U8'),(100106,10302,5892,'2015-09-10 09:59:37',84,'B89U0P1'),(100107,10354,5145,'2015-09-15 21:31:34',13,'C56U8U9'),(100108,10302,5221,'2015-09-24 22:01:44',24,'C56U8U9'),(100109,10391,5487,'2015-09-28 04:30:32',35,'T63F9R4'),(100110,10302,5360,'2015-09-28 21:05:11',76,'S44H4U8'),(100111,10432,5281,'2015-10-06 17:20:29',55,'B35T9E3'),(100112,10296,5624,'2015-10-07 11:49:35',76,'B35T9E3'),(100113,10497,5532,'2015-10-08 11:57:19',17,'T63F9R4'),(100114,10254,5547,'2015-10-10 10:17:00',42,'C56U8U9'),(100115,10252,5679,'2015-10-12 11:06:14',43,'T63F9R4'),(100116,10238,5109,'2015-10-15 23:01:34',56,'B89U0P1'),(100117,10341,5486,'2015-10-24 11:54:38',32,'S44H4U8'),(100118,10209,5391,'2015-10-24 21:52:00',51,'B35T9E3'),(100119,10357,5095,'2015-10-28 01:08:19',47,'B35T9E3'),(100120,10504,5141,'2015-10-29 23:27:12',84,'B89U0P1'),(100121,10237,5843,'2015-10-30 07:49:33',70,'B89U0P1'),(100122,10507,5518,'2015-10-31 13:33:14',29,'B89U0P1'),(100123,10207,5560,'2015-11-02 08:06:14',91,'B35T9E3'),(100124,10455,5734,'2015-11-04 15:29:44',5,'C56U8U9'),(100125,10311,5414,'2015-11-07 13:22:57',23,'B35T9E3'),(100126,10540,5248,'2015-11-10 14:13:30',54,'T63F9R4'),(100127,10214,5132,'2015-11-11 12:11:48',25,'B89U0P1'),(100128,10178,5097,'2015-11-13 00:56:06',60,'B35T9E3'),(100129,10326,5703,'2015-11-19 12:30:08',96,'B89U0P1'),(100130,10201,5197,'2015-11-19 17:13:04',57,'B35T9E3'),(100131,10330,5754,'2015-11-20 05:43:51',90,'T63F9R4'),(100132,10430,5190,'2015-11-23 05:15:43',99,'T63F9R4'),(100133,10508,5301,'2015-11-27 01:56:48',85,'C56U8U9'),(100134,10495,5440,'2015-12-06 00:58:01',93,'B35T9E3'),(100135,10426,5043,'2015-12-06 12:04:48',81,'B35T9E3'),(100136,10527,5476,'2015-12-09 15:56:11',3,'B89U0P1'),(100137,10181,5509,'2015-12-13 08:48:04',26,'B35T9E3'),(100138,10226,5251,'2015-12-13 20:04:03',15,'S44H4U8'),(100139,10184,5044,'2015-12-15 13:55:31',23,'T63F9R4'),(100140,10208,5539,'2015-12-15 20:47:42',99,'B35T9E3'),(100141,10258,5563,'2015-12-16 17:40:43',65,'B89U0P1'),(100142,10424,5631,'2015-12-18 07:26:49',58,'B89U0P1'),(100143,10278,5893,'2015-12-18 18:14:25',27,'B35T9E3'),(100144,10429,5143,'2015-12-22 21:58:02',39,'BT27GB'),(100145,10379,5626,'2015-12-22 23:42:43',17,'B35T9E3'),(100146,10521,5775,'2015-12-23 19:43:04',26,'BT27GB'),(100147,10275,5729,'2015-12-24 14:53:21',100,'B89U0P1'),(100148,10403,5410,'2015-12-25 07:37:05',78,'S44H4U8'),(100149,10366,5056,'2015-12-26 02:22:31',42,'B35T9E3'),(100150,10343,5606,'2015-12-26 09:16:58',12,'B35T9E3'),(100151,10313,5518,'2015-12-26 20:50:20',81,'S44H4U8'),(100152,10200,5882,'2015-12-30 03:38:03',78,'BT27GB'),(100153,10394,5111,'2016-01-03 10:12:30',36,'B89U0P1'),(100154,10300,5632,'2016-01-03 19:57:27',66,'B35T9E3'),(100155,10402,5855,'2016-01-06 16:07:07',4,'B35T9E3'),(100156,10327,5725,'2016-01-11 01:32:22',45,'S44H4U8'),(100157,10244,5201,'2016-01-11 06:19:34',75,'B35T9E3'),(100158,10481,5752,'2016-01-11 22:52:40',15,'C56U8U9'),(100159,10360,5761,'2016-01-12 03:54:29',86,'B35T9E3'),(100160,10408,5543,'2016-01-13 05:00:24',100,'BT27GB'),(100161,10228,5585,'2016-01-14 15:13:45',70,'B35T9E3'),(100162,10523,5310,'2016-01-16 13:35:36',93,'B35T9E3'),(100163,10270,5447,'2016-01-17 09:38:01',40,'B89U0P1'),(100164,10467,5657,'2016-01-21 02:41:42',28,'T63F9R4'),(100165,10486,5116,'2016-01-24 12:59:01',56,'T63F9R4'),(100166,10537,5366,'2016-01-27 01:12:41',90,'B89U0P1'),(100167,10367,5798,'2016-01-28 07:10:13',71,'S44H4U8'),(100168,10498,5469,'2016-02-02 04:27:09',69,'C56U8U9'),(100169,10496,5123,'2016-02-06 19:14:50',1,'B35T9E3'),(100170,10238,5202,'2016-02-07 03:26:55',100,'B35T9E3'),(100171,10222,5200,'2016-02-07 16:52:03',73,'B89U0P1'),(100172,10274,5584,'2016-02-08 22:32:06',75,'B35T9E3'),(100173,10497,5291,'2016-02-13 11:55:28',89,'S44H4U8'),(100174,10180,5579,'2016-02-14 03:09:58',89,'B89U0P1'),(100175,10309,5414,'2016-02-18 03:45:54',55,'B89U0P1'),(100176,10509,5674,'2016-02-18 21:15:17',87,'B35T9E3'),(100177,10270,5776,'2016-02-20 22:57:14',61,'B89U0P1'),(100178,10390,5602,'2016-02-22 17:07:00',12,'C56U8U9'),(100179,10516,5408,'2016-02-23 04:58:03',31,'B35T9E3'),(100180,10465,5250,'2016-02-25 17:16:56',97,'B89U0P1'),(100181,10285,5695,'2016-02-27 23:56:35',42,'T63F9R4'),(100182,10402,5739,'2016-02-29 16:21:24',73,'B35T9E3'),(100183,10456,5611,'2016-03-03 15:15:48',3,'B35T9E3'),(100184,10460,5841,'2016-03-04 17:04:19',9,'B35T9E3'),(100185,10206,5375,'2016-03-04 21:44:38',52,'T63F9R4'),(100186,10207,5527,'2016-03-06 18:32:27',4,'B89U0P1'),(100187,10269,5411,'2016-03-11 23:21:09',27,'B35T9E3'),(100188,10456,5168,'2016-03-13 22:19:19',24,'S44H4U8'),(100189,10225,5261,'2016-03-14 21:46:05',31,'B35T9E3'),(100190,10512,5909,'2016-03-17 05:24:50',41,'C56U8U9'),(100191,10536,5684,'2016-03-17 15:52:12',10,'BT27GB'),(100192,10297,5582,'2016-03-18 14:36:06',69,'S44H4U8'),(100193,10203,5808,'2016-03-18 20:57:24',18,'T63F9R4'),(100194,10179,5429,'2016-03-20 09:05:44',41,'B89U0P1'),(100195,10532,5226,'2016-03-22 14:13:18',12,'S44H4U8'),(100196,10257,5101,'2016-03-23 06:09:59',66,'BT27GB'),(100197,10258,5478,'2016-03-23 08:53:06',68,'B89U0P1'),(100198,10527,5831,'2016-03-29 08:24:46',70,'C56U8U9'),(100199,10187,5329,'2016-04-01 16:37:46',52,'B89U0P1'),(100200,10425,5557,'2016-04-07 13:37:36',46,'B35T9E3'),(100201,10254,5003,'2016-04-11 06:40:29',87,'B35T9E3'),(100202,10420,5060,'2016-04-11 08:19:20',26,'B89U0P1'),(100203,10349,5004,'2016-04-14 08:27:07',4,'B89U0P1'),(100204,10501,5857,'2016-04-18 18:40:52',65,'B35T9E3'),(100205,10192,5476,'2016-04-20 20:46:03',63,'B89U0P1'),(100206,10269,5894,'2016-04-22 14:48:48',21,'B35T9E3'),(100207,10292,5077,'2016-04-22 17:28:01',2,'B35T9E3'),(100208,10207,5661,'2016-04-29 00:35:05',23,'B35T9E3'),(100209,10279,5337,'2016-04-30 06:19:57',74,'B89U0P1'),(100210,10423,5558,'2016-04-30 15:07:48',10,'B89U0P1'),(100211,10482,5534,'2016-05-09 07:46:39',50,'B35T9E3'),(100212,10347,5098,'2016-05-11 14:28:13',6,'T63F9R4'),(100213,10339,5697,'2016-05-12 04:42:26',93,'B89U0P1'),(100214,10328,5883,'2016-05-21 22:46:40',10,'S44H4U8'),(100215,10420,5197,'2016-05-26 17:22:08',57,'B89U0P1'),(100216,10258,5059,'2016-05-29 10:01:20',39,'B35T9E3'),(100217,10422,5322,'2016-05-30 22:25:28',36,'S44H4U8'),(100218,10407,5099,'2016-05-31 10:39:08',78,'BT27GB'),(100219,10377,5828,'2016-06-02 07:29:20',66,'T63F9R4'),(100220,10310,5888,'2016-06-02 07:41:41',32,'B89U0P1'),(100221,10388,5552,'2016-06-02 19:22:29',21,'B35T9E3'),(100222,10520,5923,'2016-06-05 20:20:44',74,'B35T9E3'),(100223,10407,5458,'2016-06-06 06:27:54',39,'B89U0P1'),(100224,10346,5237,'2016-06-09 02:09:48',5,'BT27GB'),(100225,10289,5449,'2016-06-09 21:39:35',18,'C56U8U9'),(100226,10347,5076,'2016-06-11 07:15:44',83,'B35T9E3'),(100227,10388,5629,'2016-06-11 10:38:38',26,'S44H4U8'),(100228,10325,5552,'2016-06-14 19:51:33',18,'S44H4U8'),(100229,10457,5052,'2016-06-15 05:09:40',91,'T63F9R4'),(100230,10377,5584,'2016-06-22 16:42:52',13,'B35T9E3'),(100231,10356,5148,'2016-06-23 02:27:12',80,'B35T9E3'),(100232,10186,5217,'2016-06-29 19:10:29',27,'BT27GB'),(100233,10547,5238,'2016-07-01 01:13:27',6,'T63F9R4'),(100234,10284,5443,'2016-07-02 10:01:11',96,'BT27GB'),(100235,10295,5441,'2016-07-02 10:08:10',68,'B35T9E3'),(100236,10501,5818,'2016-07-03 21:28:46',8,'S44H4U8'),(100237,10247,5397,'2016-07-04 11:29:55',69,'B35T9E3'),(100238,10295,5158,'2016-07-05 00:30:06',27,'B35T9E3'),(100239,10302,5697,'2016-07-06 03:53:13',76,'S44H4U8'),(100240,10391,5765,'2016-07-08 01:37:45',16,'B35T9E3'),(100241,10421,5293,'2016-07-10 04:37:52',80,'T63F9R4'),(100242,10536,5641,'2016-07-10 12:51:10',86,'B89U0P1'),(100243,10434,5455,'2016-07-12 21:05:02',21,'B89U0P1'),(100244,10304,5232,'2016-07-16 17:21:08',7,'T63F9R4'),(100245,10326,5849,'2016-07-19 04:06:16',2,'B35T9E3'),(100246,10535,5596,'2016-07-21 18:48:55',27,'T63F9R4'),(100247,10253,5350,'2016-07-22 06:07:56',49,'S44H4U8'),(100248,10518,5698,'2016-07-24 20:41:15',56,'S44H4U8'),(100249,10307,5667,'2016-07-25 09:56:08',37,'B35T9E3'),(100250,10365,5001,'2016-07-27 15:35:24',62,'S44H4U8'),(100251,10262,5355,'2016-07-27 16:21:45',44,'BT27GB'),(100252,10351,5172,'2016-07-30 17:49:51',36,'B35T9E3'),(100253,10504,5733,'2016-08-06 01:00:59',10,'B35T9E3'),(100254,10266,5329,'2016-08-10 17:25:27',12,'B35T9E3'),(100255,10296,5385,'2016-08-12 12:57:16',10,'B35T9E3'),(100256,10383,5543,'2016-08-13 23:36:49',92,'S44H4U8'),(100257,10347,5175,'2016-08-16 06:17:05',11,'B35T9E3'),(100258,10440,5392,'2016-08-16 10:42:38',100,'T63F9R4'),(100259,10498,5141,'2016-08-16 13:41:38',3,'B89U0P1'),(100260,10251,5798,'2016-08-17 10:16:00',89,'BT27GB'),(100261,10436,5072,'2016-08-17 14:39:08',87,'B89U0P1'),(100262,10375,5818,'2016-08-22 06:32:25',52,'S44H4U8'),(100263,10179,5805,'2016-08-22 15:31:48',35,'C56U8U9'),(100264,10500,5037,'2016-08-24 14:50:22',44,'C56U8U9'),(100265,10421,5006,'2016-08-26 13:53:30',4,'B35T9E3'),(100266,10466,5141,'2016-08-27 08:35:37',39,'T63F9R4'),(100267,10443,5864,'2016-08-28 03:30:11',34,'B35T9E3'),(100268,10544,5840,'2016-08-31 09:17:52',59,'S44H4U8'),(100269,10266,5863,'2016-08-31 22:51:28',28,'BT27GB'),(100270,10252,5856,'2016-09-04 04:32:57',6,'B35T9E3'),(100271,10314,5361,'2016-09-06 15:20:13',98,'B35T9E3'),(100272,10526,5839,'2016-09-08 06:22:15',85,'S44H4U8'),(100273,10486,5796,'2016-09-09 17:46:48',39,'B89U0P1'),(100274,10241,5024,'2016-09-10 12:05:10',26,'B89U0P1'),(100275,10298,5500,'2016-09-12 17:17:06',38,'B35T9E3'),(100276,10324,5452,'2016-09-14 10:37:28',80,'B35T9E3'),(100277,10421,5544,'2016-09-15 04:38:57',40,'B89U0P1'),(100278,10186,5151,'2016-09-15 05:26:34',37,'B35T9E3'),(100279,10330,5244,'2016-09-18 09:19:07',54,'B89U0P1'),(100280,10516,5045,'2016-09-20 17:35:47',6,'B89U0P1'),(100281,10546,5060,'2016-09-20 19:52:28',18,'T63F9R4'),(100282,10343,5292,'2016-09-23 08:18:33',84,'B35T9E3'),(100283,10511,5856,'2016-09-24 23:45:56',5,'T63F9R4'),(100284,10465,5309,'2016-10-02 14:43:13',87,'B35T9E3'),(100285,10354,5759,'2016-10-02 19:07:10',43,'T63F9R4'),(100286,10535,5027,'2016-10-03 03:08:57',69,'B35T9E3'),(100287,10445,5445,'2016-10-10 00:59:38',72,'B35T9E3'),(100288,10341,5211,'2016-10-12 17:30:29',82,'C56U8U9'),(100289,10431,5158,'2016-10-15 04:38:26',85,'S44H4U8'),(100290,10376,5189,'2016-10-18 06:35:06',91,'S44H4U8'),(100291,10234,5509,'2016-10-19 13:03:51',80,'T63F9R4'),(100292,10321,5291,'2016-10-19 21:35:37',72,'T63F9R4'),(100293,10454,5774,'2016-10-25 01:37:39',92,'B35T9E3'),(100294,10239,5076,'2016-10-28 21:05:49',2,'B89U0P1'),(100295,10461,5224,'2016-10-29 14:10:09',83,'T63F9R4'),(100296,10310,5199,'2016-10-30 05:02:37',91,'B89U0P1'),(100297,10547,5723,'2016-10-30 17:08:06',15,'B35T9E3'),(100298,10232,5866,'2016-10-30 19:08:42',91,'B35T9E3'),(100299,10475,5023,'2016-10-31 03:47:37',15,'B35T9E3'),(100300,10328,5423,'2016-10-31 05:44:12',18,'B89U0P1'),(100301,10379,5173,'2016-10-31 23:47:27',84,'T63F9R4'),(100302,10538,5182,'2016-11-01 09:30:32',35,'T63F9R4'),(100303,10261,5785,'2016-11-04 06:16:34',29,'BT27GB'),(100304,10207,5317,'2016-11-06 18:45:33',6,'S44H4U8'),(100305,10419,5617,'2016-11-07 10:20:25',31,'B35T9E3'),(100306,10183,5368,'2016-11-08 06:07:05',48,'B35T9E3'),(100307,10198,5053,'2016-11-10 21:01:52',13,'S44H4U8'),(100308,10486,5047,'2016-11-11 12:43:55',89,'BT27GB'),(100309,10187,5670,'2016-11-14 14:02:38',56,'B35T9E3'),(100310,10470,5663,'2016-11-15 11:42:21',47,'B89U0P1'),(100311,10414,5335,'2016-11-16 20:00:33',21,'B35T9E3'),(100312,10268,5255,'2016-11-17 14:16:29',98,'T63F9R4'),(100313,10368,5287,'2016-11-24 12:24:21',54,'B35T9E3'),(100314,10517,5621,'2016-12-02 09:56:18',32,'T63F9R4'),(100315,10181,5624,'2016-12-03 15:08:22',99,'B35T9E3'),(100316,10332,5570,'2016-12-03 19:49:42',98,'B35T9E3'),(100317,10404,5740,'2016-12-07 08:08:47',9,'B35T9E3'),(100318,10290,5883,'2016-12-09 19:41:10',35,'B35T9E3'),(100319,10458,5166,'2016-12-11 09:35:26',70,'B89U0P1'),(100320,10251,5102,'2016-12-15 22:48:05',42,'B35T9E3'),(100321,10424,5724,'2016-12-16 04:59:26',28,'B89U0P1'),(100322,10453,5922,'2016-12-21 05:55:41',1,'T63F9R4'),(100323,10350,5332,'2016-12-25 20:59:42',16,'S44H4U8'),(100324,10400,5833,'2016-12-25 22:39:00',88,'C56U8U9'),(100325,10362,5752,'2016-12-28 00:32:16',64,'B35T9E3'),(100326,10487,5101,'2017-01-01 05:09:01',26,'B89U0P1'),(100327,10277,5922,'2017-01-02 16:30:18',6,'S44H4U8'),(100328,10545,5443,'2017-01-16 05:21:26',31,'B35T9E3'),(100329,10403,5787,'2017-01-18 22:17:22',45,'C56U8U9'),(100330,10536,5669,'2017-01-21 10:12:47',37,'B35T9E3'),(100331,10363,5348,'2017-01-21 23:45:03',2,'B89U0P1'),(100332,10436,5064,'2017-01-22 22:41:03',82,'B35T9E3'),(100333,10533,5739,'2017-01-22 23:55:02',51,'B89U0P1'),(100334,10231,5632,'2017-01-31 04:29:27',79,'S44H4U8'),(100335,10218,5499,'2017-01-31 16:41:25',33,'T63F9R4'),(100336,10218,5751,'2017-02-01 08:42:41',18,'B89U0P1'),(100337,10241,5160,'2017-02-01 15:52:25',79,'C56U8U9'),(100338,10442,5340,'2017-02-03 16:41:10',60,'BT27GB'),(100339,10271,5583,'2017-02-08 07:02:05',16,'T63F9R4'),(100340,10283,5673,'2017-02-12 06:27:20',53,'B89U0P1'),(100341,10230,5744,'2017-02-12 17:48:57',100,'B89U0P1'),(100342,10218,5877,'2017-02-13 07:26:08',25,'B89U0P1'),(100343,10210,5685,'2017-02-15 22:15:13',74,'S44H4U8'),(100344,10252,5626,'2017-02-16 03:52:25',30,'B89U0P1'),(100345,10254,5231,'2017-02-17 05:11:04',12,'B89U0P1'),(100346,10430,5791,'2017-02-21 19:25:24',50,'S44H4U8'),(100347,10297,5062,'2017-02-22 15:32:23',69,'B89U0P1'),(100348,10416,5542,'2017-02-25 00:31:20',90,'B89U0P1'),(100349,10494,5247,'2017-02-28 22:10:05',80,'B35T9E3'),(100350,10486,5429,'2017-03-10 19:45:28',26,'B89U0P1'),(100351,10254,5563,'2017-03-12 09:27:53',5,'B35T9E3'),(100352,10477,5310,'2017-03-17 04:02:59',75,'B35T9E3'),(100353,10221,5508,'2017-03-18 09:48:44',30,'T63F9R4'),(100354,10333,5635,'2017-03-22 02:03:11',31,'B89U0P1'),(100355,10410,5864,'2017-03-23 14:36:43',93,'B89U0P1'),(100356,10258,5677,'2017-03-26 04:55:57',44,'S44H4U8'),(100357,10333,5558,'2017-03-28 13:09:43',20,'BT27GB'),(100358,10356,5907,'2017-03-28 20:36:19',9,'B35T9E3'),(100359,10338,5448,'2017-04-10 09:53:15',11,'B35T9E3'),(100360,10323,5777,'2017-04-11 05:23:17',6,'B89U0P1'),(100361,10527,5642,'2017-04-12 09:34:42',92,'B35T9E3'),(100362,10543,5190,'2017-04-12 21:31:38',89,'S44H4U8'),(100363,10196,5677,'2017-04-13 01:57:00',29,'B35T9E3'),(100364,10457,5613,'2017-04-13 15:41:53',64,'B89U0P1'),(100365,10358,5849,'2017-04-17 20:04:32',60,'B89U0P1'),(100366,10545,5372,'2017-04-20 09:37:17',42,'B89U0P1'),(100367,10452,5047,'2017-04-22 01:16:58',39,'B89U0P1'),(100368,10342,5597,'2017-04-24 08:02:38',5,'T63F9R4'),(100369,10266,5839,'2017-04-28 11:31:00',5,'B35T9E3'),(100370,10327,NULL,'2017-05-04 03:03:02',35,'T63F9R4'),(100371,10210,5827,'2017-05-05 02:58:03',51,'B89U0P1'),(100372,10224,5746,'2017-05-09 13:20:08',16,'B89U0P1'),(100373,10366,5433,'2017-05-10 08:00:45',35,'B89U0P1'),(100374,10514,5595,'2017-05-16 05:55:28',90,'B35T9E3'),(100375,10400,5620,'2017-05-16 06:22:00',25,'B35T9E3'),(100376,10216,5330,'2017-05-19 19:01:47',55,'B35T9E3'),(100377,10446,5879,'2017-05-20 19:52:39',62,'B35T9E3'),(100378,10480,5174,'2017-05-21 05:21:45',55,'B35T9E3'),(100379,10330,5761,'2017-05-21 07:43:35',7,'B89U0P1'),(100380,10475,5244,'2017-05-21 15:39:33',69,'C56U8U9'),(100381,10301,5635,'2017-05-24 05:05:39',63,'B35T9E3'),(100382,10374,5596,'2017-05-25 17:44:29',43,'T63F9R4'),(100383,10420,5923,'2017-05-27 09:28:36',54,'B35T9E3'),(100384,10272,5504,'2017-05-28 10:56:49',79,'B35T9E3'),(100385,10266,5375,'2017-06-02 12:09:03',56,'S44H4U8'),(100386,10285,5091,'2017-06-03 07:13:02',19,'C56U8U9'),(100387,10273,5121,'2017-06-03 09:53:34',56,'B35T9E3'),(100388,10263,5545,'2017-06-06 07:33:42',78,'T63F9R4'),(100389,10331,5602,'2017-06-08 15:16:50',18,'B89U0P1'),(100390,10461,5578,'2017-06-08 23:11:48',57,'B35T9E3'),(100391,10325,5438,'2017-06-10 09:02:19',86,'C56U8U9'),(100392,10220,5795,'2017-06-11 12:00:10',29,'T63F9R4'),(100393,10468,5558,'2017-06-15 07:49:46',88,'S44H4U8'),(100394,10184,5806,'2017-06-16 01:15:40',97,'BT27GB'),(100395,10298,5099,'2017-06-16 09:29:43',67,'T63F9R4'),(100396,10500,5496,'2017-06-19 19:16:25',6,'S44H4U8'),(100397,10320,5613,'2017-06-20 01:24:19',24,'B89U0P1'),(100398,10375,5139,'2017-06-23 16:04:01',24,'B35T9E3'),(100399,10404,5834,'2017-06-24 02:17:45',24,'B35T9E3'),(100400,10422,5174,'2017-06-26 19:05:23',63,'T63F9R4'),(100401,10205,5006,'2017-07-03 06:16:19',51,'B35T9E3'),(100402,10423,5791,'2017-07-10 07:47:40',7,'B35T9E3'),(100403,10260,5039,'2017-07-13 18:42:27',66,'B35T9E3'),(100404,10365,5488,'2017-07-16 20:52:44',14,'B89U0P1'),(100405,10352,5264,'2017-07-17 15:33:06',21,'T63F9R4'),(100406,10315,5286,'2017-07-17 21:34:38',13,'B89U0P1'),(100407,10243,5178,'2017-07-19 18:41:13',89,'B35T9E3'),(100408,10384,5577,'2017-07-21 06:26:02',38,'B89U0P1'),(100409,10259,5754,'2017-07-21 07:37:46',50,'B89U0P1'),(100410,10182,5413,'2017-07-21 11:16:42',22,'B35T9E3'),(100411,10499,5267,'2017-07-23 08:05:10',10,'T63F9R4'),(100412,10424,5379,'2017-07-26 10:54:17',26,'B89U0P1'),(100413,10180,5099,'2017-07-30 08:08:49',9,'S44H4U8'),(100414,10218,5405,'2017-08-01 04:02:21',58,'S44H4U8'),(100415,10322,5644,'2017-08-04 00:03:32',60,'S44H4U8'),(100416,10362,5376,'2017-08-07 12:02:39',66,'C56U8U9'),(100417,10250,5021,'2017-08-07 18:52:07',22,'B35T9E3'),(100418,10283,5432,'2017-08-08 14:01:01',80,'B89U0P1'),(100419,10428,5102,'2017-08-09 03:56:35',20,'B89U0P1'),(100420,10371,5388,'2017-08-10 00:38:24',63,'T63F9R4'),(100421,10276,5311,'2017-08-12 09:43:17',45,'C56U8U9'),(100422,10178,5084,'2017-08-12 18:08:15',51,'S44H4U8'),(100423,10386,5512,'2017-08-16 10:02:42',77,'B35T9E3'),(100424,10272,5068,'2017-08-16 20:42:32',68,'B35T9E3'),(100425,10242,5055,'2017-08-26 07:49:29',61,'B89U0P1'),(100426,10427,5832,'2017-08-27 00:22:16',29,'B89U0P1'),(100427,10200,5661,'2017-08-27 23:25:43',66,'S44H4U8'),(100428,10323,5029,'2017-08-29 08:29:53',40,'B89U0P1'),(100429,10541,5558,'2017-08-29 13:56:15',50,'B89U0P1'),(100430,10485,5507,'2017-08-29 16:25:46',91,'B35T9E3'),(100431,10531,5013,'2017-09-06 16:49:41',51,'S44H4U8'),(100432,10353,5626,'2017-09-11 05:02:21',8,'S44H4U8'),(100433,10276,5882,'2017-09-18 02:10:11',67,'B35T9E3'),(100434,10440,5480,'2017-09-19 21:51:06',35,'C56U8U9'),(100435,10455,5529,'2017-09-21 23:24:29',17,'B89U0P1'),(100436,10223,5555,'2017-09-23 15:24:33',35,'T63F9R4'),(100437,10362,5822,'2017-09-25 20:20:21',92,'C56U8U9'),(100438,10198,5190,'2017-09-25 22:15:05',25,'B35T9E3'),(100439,10202,5371,'2017-09-28 08:21:32',26,'T63F9R4'),(100440,10181,5162,'2017-10-02 08:58:34',59,'T63F9R4'),(100441,10366,5833,'2017-10-03 05:11:19',38,'B35T9E3'),(100442,10227,5582,'2017-10-05 04:01:12',64,'BT27GB'),(100443,10276,5316,'2017-10-06 04:43:24',17,'T63F9R4'),(100444,10198,5194,'2017-10-08 08:29:41',46,'B89U0P1'),(100445,10509,5680,'2017-10-08 10:22:43',30,'B89U0P1'),(100446,10522,5447,'2017-10-14 13:30:27',44,'S44H4U8'),(100447,10195,5851,'2017-10-17 17:54:29',74,'S44H4U8'),(100448,10389,5539,'2017-10-17 20:57:16',84,'T63F9R4'),(100449,10221,5740,'2017-10-19 10:21:08',3,'T63F9R4'),(100450,10322,5322,'2017-10-20 10:31:53',48,'B35T9E3'),(100451,10512,5542,'2017-10-24 18:47:38',23,'S44H4U8'),(100452,10392,5690,'2017-11-02 15:58:38',85,'C56U8U9'),(100453,10312,5144,'2017-11-03 01:05:25',52,'B35T9E3'),(100454,10223,5118,'2017-11-04 19:40:35',21,'B89U0P1'),(100455,10454,5737,'2017-11-10 15:15:38',37,'B35T9E3'),(100456,10250,5018,'2017-11-11 19:22:46',79,'B89U0P1'),(100457,10250,5889,'2017-11-11 20:12:42',8,'C56U8U9'),(100458,10230,5265,'2017-11-12 23:38:09',91,'C56U8U9'),(100459,10280,5037,'2017-11-16 14:10:07',6,'B89U0P1'),(100460,10259,5104,'2017-11-17 05:36:34',52,'T63F9R4'),(100461,10248,5707,'2017-11-17 17:05:44',35,'B35T9E3'),(100462,10447,5648,'2017-11-21 23:56:51',64,'S44H4U8'),(100463,10425,5435,'2017-11-23 23:51:57',74,'T63F9R4'),(100464,10264,5732,'2017-11-30 21:07:55',52,'B89U0P1'),(100465,10522,5121,'2017-12-01 15:29:05',96,'B35T9E3'),(100466,10193,5014,'2017-12-02 18:07:30',52,'B89U0P1'),(100467,10275,5229,'2017-12-04 08:04:39',98,'C56U8U9'),(100468,10321,5067,'2017-12-05 04:23:15',78,'T63F9R4'),(100469,10528,5734,'2017-12-08 04:26:49',92,'S44H4U8'),(100470,10422,5350,'2017-12-11 04:49:54',37,'B89U0P1'),(100471,10268,5456,'2017-12-12 06:17:52',90,'C56U8U9'),(100472,10263,5046,'2017-12-13 15:14:22',34,'B89U0P1'),(100473,10277,5426,'2017-12-17 19:04:55',19,'B89U0P1'),(100474,10363,5054,'2017-12-26 16:53:05',36,'S44H4U8'),(100475,10214,5700,'2017-12-27 18:57:50',76,'B89U0P1'),(100476,10413,5185,'2017-12-28 02:11:32',40,'S44H4U8'),(100477,10194,5423,'2017-12-28 06:44:33',77,'S44H4U8'),(100478,10191,5709,'2017-12-29 20:05:32',48,'T63F9R4'),(100479,10541,5812,'2018-01-01 16:36:26',5,'S44H4U8'),(100480,10449,5460,'2018-01-03 04:26:29',50,'B35T9E3'),(100481,10480,5315,'2018-01-04 16:50:53',60,'T63F9R4'),(100482,10316,5552,'2018-01-06 20:36:05',89,'B35T9E3'),(100483,10397,5895,'2018-01-08 05:04:43',10,'B89U0P1'),(100484,10204,5814,'2018-01-08 10:10:23',58,'B89U0P1'),(100485,10278,5255,'2018-01-09 00:18:14',98,'T63F9R4'),(100486,10233,5324,'2018-01-10 11:20:10',42,'T63F9R4'),(100487,10338,5454,'2018-01-21 05:44:59',7,'B35T9E3'),(100488,10219,5367,'2018-01-28 04:27:16',65,'B89U0P1'),(100489,10394,5798,'2018-01-28 08:15:13',52,'B35T9E3'),(100490,10322,5852,'2018-01-29 09:42:34',73,'B35T9E3'),(100491,10329,5721,'2018-01-30 08:11:09',86,'B35T9E3'),(100492,10498,5665,'2018-02-03 10:31:58',40,'B35T9E3'),(100493,10378,5738,'2018-02-04 05:51:48',6,'B35T9E3'),(100494,10485,5717,'2018-02-04 23:23:08',37,'B35T9E3'),(100495,10532,5248,'2018-02-05 03:05:20',39,'B35T9E3'),(100496,10452,5314,'2018-02-05 12:07:36',91,'B89U0P1'),(100497,10471,5787,'2018-02-05 13:37:18',65,'B89U0P1'),(100498,10180,5585,'2018-02-12 13:04:39',54,'B35T9E3'),(100499,10527,5545,'2018-02-18 16:39:16',37,'B35T9E3'),(100500,10493,5306,'2018-02-20 10:46:55',16,'S44H4U8'),(100501,10443,5828,'2018-02-21 14:30:37',73,'B35T9E3'),(100502,10444,5515,'2018-02-23 09:19:39',71,'B35T9E3'),(100503,10496,5517,'2018-02-25 11:10:42',58,'B89U0P1'),(100504,10227,5823,'2018-03-05 04:57:36',1,'S44H4U8'),(100505,10315,5359,'2018-03-06 06:12:59',24,'T63F9R4'),(100506,10431,5811,'2018-03-06 14:41:06',80,'B35T9E3'),(100507,10185,5778,'2018-03-10 08:43:27',4,'B89U0P1'),(100508,10370,5309,'2018-03-10 12:42:55',44,'T63F9R4'),(100509,10421,5337,'2018-03-11 15:26:58',15,'S44H4U8'),(100510,10516,5477,'2018-03-15 18:32:40',100,'T63F9R4'),(100511,10539,5199,'2018-03-16 16:08:12',24,'BT27GB'),(100512,10493,5308,'2018-03-17 14:01:59',29,'T63F9R4'),(100513,10494,5288,'2018-03-18 14:00:52',95,'B35T9E3'),(100514,10362,5833,'2018-03-20 17:50:44',3,'B35T9E3'),(100515,10409,5398,'2018-03-21 20:59:46',23,'C56U8U9'),(100516,10434,5413,'2018-03-22 21:06:17',72,'C56U8U9'),(100517,10454,5795,'2018-03-26 02:21:19',50,'S44H4U8'),(100518,10443,5404,'2018-03-26 17:00:59',92,'S44H4U8'),(100519,10390,5258,'2018-04-02 18:46:57',46,'B35T9E3'),(100520,10392,5686,'2018-04-06 06:06:59',45,'B89U0P1'),(100521,10498,5220,'2018-04-07 01:13:06',75,'B89U0P1'),(100522,10461,5004,'2018-04-07 08:54:18',64,'B35T9E3'),(100523,10230,5901,'2018-04-09 11:26:35',62,'BT27GB'),(100524,10537,5605,'2018-04-12 01:27:14',43,'S44H4U8'),(100525,10516,5700,'2018-04-12 11:26:12',1,'B35T9E3'),(100526,10203,5055,'2018-04-15 03:26:20',78,'B89U0P1'),(100527,10495,5230,'2018-04-15 11:58:38',62,'B35T9E3'),(100528,10400,5736,'2018-04-17 19:14:48',10,'C56U8U9'),(100529,10244,5473,'2018-04-18 23:16:43',89,'B89U0P1'),(100530,10495,5144,'2018-04-27 18:21:13',3,'T63F9R4'),(100531,10265,5731,'2018-05-06 16:19:55',24,'B89U0P1'),(100532,10503,5623,'2018-05-07 05:58:11',96,'B89U0P1'),(100533,10193,5667,'2018-05-09 11:05:24',64,'B35T9E3'),(100534,10290,5027,'2018-05-14 11:54:03',80,'B35T9E3'),(100535,10180,5917,'2018-05-14 19:07:44',70,'C56U8U9'),(100536,10362,5900,'2018-05-15 21:29:01',20,'C56U8U9'),(100537,10435,5692,'2018-05-17 04:49:26',86,'B89U0P1'),(100538,10526,5754,'2018-05-17 11:04:08',9,'B89U0P1'),(100539,10398,5092,'2018-05-20 21:00:11',50,'S44H4U8'),(100540,10516,5479,'2018-05-22 12:16:38',65,'B35T9E3'),(100541,10190,5685,'2018-05-23 05:17:22',88,'B35T9E3'),(100542,10345,5781,'2018-05-24 01:06:42',78,'BT27GB'),(100543,10324,5267,'2018-05-24 05:46:02',1,'B35T9E3'),(100544,10261,5861,'2018-05-30 19:38:18',46,'T63F9R4'),(100545,10419,5568,'2018-06-04 21:22:17',47,'B35T9E3'),(100546,10302,5667,'2018-06-05 23:47:17',11,'B89U0P1'),(100547,10341,5456,'2018-06-08 20:41:02',68,'C56U8U9'),(100548,10454,5870,'2018-06-10 23:37:41',42,'T63F9R4'),(100549,10330,5368,'2018-06-13 13:43:10',90,'B35T9E3'),(100550,10183,5221,'2018-06-15 09:53:08',96,'S44H4U8'),(100551,10421,5748,'2018-06-16 19:13:43',43,'B35T9E3'),(100552,10385,5865,'2018-06-18 01:17:10',22,'B35T9E3'),(100553,10339,5334,'2018-06-20 22:05:04',82,'T63F9R4'),(100554,10349,5718,'2018-06-22 08:17:18',94,'B35T9E3'),(100555,10257,5696,'2018-06-24 16:49:44',28,'S44H4U8'),(100556,10298,5494,'2018-06-27 02:18:47',98,'T63F9R4'),(100557,10494,5601,'2018-06-27 06:44:27',13,'C56U8U9'),(100558,10525,5642,'2018-06-29 05:29:06',13,'T63F9R4'),(100559,10234,5812,'2018-06-29 11:51:04',9,'S44H4U8'),(100560,10286,5095,'2018-06-30 16:00:10',46,'C56U8U9'),(100561,10531,5689,'2018-07-01 14:05:14',25,'T63F9R4'),(100562,10379,5707,'2018-07-01 18:51:08',82,'T63F9R4'),(100563,10363,5491,'2018-07-02 22:22:59',40,'S44H4U8'),(100564,10271,5866,'2018-07-03 12:38:10',52,'B89U0P1'),(100565,10245,5445,'2018-07-05 02:24:10',63,'B35T9E3'),(100566,10332,5227,'2018-07-06 12:00:29',81,'B35T9E3'),(100567,10359,5256,'2018-07-06 22:08:52',70,'B35T9E3'),(100568,10489,5635,'2018-07-09 21:13:43',26,'C56U8U9'),(100569,10281,5049,'2018-07-11 19:36:39',20,'BT27GB'),(100570,10290,5002,'2018-07-13 02:22:08',8,'B35T9E3'),(100571,10191,5474,'2018-07-16 01:32:05',86,'S44H4U8'),(100572,10547,5925,'2018-07-23 12:35:14',10,'S44H4U8'),(100573,10277,5446,'2018-07-26 13:46:53',60,'B35T9E3'),(100574,10291,5916,'2018-07-28 09:36:39',8,'B89U0P1'),(100575,10508,5704,'2018-07-28 15:58:04',12,'T63F9R4'),(100576,10469,5611,'2018-07-30 05:03:32',85,'B35T9E3'),(100577,10513,5560,'2018-07-30 22:16:28',4,'S44H4U8'),(100578,10212,5826,'2018-07-31 12:43:19',75,'T63F9R4'),(100579,10312,5834,'2018-08-05 21:18:28',47,'C56U8U9'),(100580,10264,5684,'2018-08-08 23:13:04',13,'B35T9E3'),(100581,10282,5371,'2018-08-12 17:13:17',91,'T63F9R4'),(100582,10321,5362,'2018-08-15 05:31:39',99,'S44H4U8'),(100583,10242,5407,'2018-08-25 21:02:22',92,'B89U0P1'),(100584,10214,5479,'2018-08-26 03:13:20',87,'S44H4U8'),(100585,10297,5814,'2018-08-26 09:35:04',52,'B89U0P1'),(100586,10310,5099,'2018-08-31 12:54:03',49,'T63F9R4'),(100587,10308,5161,'2018-09-04 13:44:24',18,'C56U8U9'),(100588,10478,5196,'2018-09-05 09:56:38',81,'B89U0P1'),(100589,10327,5125,'2018-09-06 11:33:57',74,'T63F9R4'),(100590,10295,5387,'2018-09-06 20:02:07',55,'B35T9E3'),(100591,10417,5437,'2018-09-06 23:25:14',86,'T63F9R4'),(100592,10217,5210,'2018-09-07 20:11:10',82,'T63F9R4'),(100593,10487,5846,'2018-09-07 23:39:39',35,'B89U0P1'),(100594,10292,5377,'2018-09-09 20:29:54',2,'T63F9R4'),(100595,10530,5013,'2018-09-14 17:36:57',28,'T63F9R4'),(100596,10427,5065,'2018-09-16 21:02:30',57,'B35T9E3'),(100597,10469,5725,'2018-09-21 07:21:35',66,'B89U0P1'),(100598,10223,5758,'2018-09-22 10:25:14',94,'B35T9E3'),(100599,10525,5291,'2018-09-24 10:39:57',33,'T63F9R4'),(100600,10360,5582,'2018-09-26 18:19:36',36,'C56U8U9'),(100601,10311,5101,'2018-09-29 00:05:58',16,'B35T9E3'),(100602,10394,5911,'2018-10-03 20:11:09',90,'T63F9R4'),(100603,10305,5299,'2018-10-09 04:35:17',17,'S44H4U8'),(100604,10390,5217,'2018-10-10 10:09:38',83,'B35T9E3'),(100605,10348,5528,'2018-10-16 16:53:10',23,'B35T9E3'),(100606,10536,5245,'2018-10-19 14:56:20',19,'B35T9E3'),(100607,10239,5130,'2018-10-19 22:36:55',66,'BT27GB'),(100608,10209,5218,'2018-10-31 16:25:21',94,'B35T9E3'),(100609,10306,5911,'2018-11-01 07:02:20',96,'B35T9E3'),(100610,10548,5185,'2018-11-03 15:56:53',71,'T63F9R4'),(100611,10215,5656,'2018-11-05 21:36:09',1,'S44H4U8'),(100612,10261,5468,'2018-11-07 14:38:12',7,'B35T9E3'),(100613,10181,5024,'2018-11-14 21:21:18',74,'B35T9E3'),(100614,10364,5490,'2018-11-16 15:01:59',43,'B89U0P1'),(100615,10479,5589,'2018-11-18 21:32:05',98,'B35T9E3'),(100616,10191,5533,'2018-11-19 14:10:35',100,'B35T9E3'),(100617,10246,5614,'2018-11-20 21:04:39',43,'B89U0P1'),(100618,10332,5855,'2018-11-21 07:42:43',72,'B35T9E3'),(100619,10538,5256,'2018-12-01 10:12:04',89,'B35T9E3'),(100620,10410,5573,'2018-12-01 15:28:41',5,'B35T9E3'),(100621,10195,5194,'2018-12-04 03:04:23',11,'T63F9R4'),(100622,10325,5628,'2018-12-04 19:32:18',88,'B89U0P1'),(100623,10313,5478,'2018-12-06 03:26:15',38,'T63F9R4'),(100624,10471,5558,'2018-12-11 20:15:42',29,'BT27GB'),(100625,10363,5001,'2018-12-12 06:01:10',7,'T63F9R4'),(100626,10347,5786,'2018-12-14 14:32:33',29,'B35T9E3'),(100627,10546,5692,'2018-12-20 01:28:22',9,'B89U0P1'),(100628,10437,5323,'2018-12-23 00:08:08',95,'BT27GB'),(100629,10498,5911,'2018-12-23 06:26:02',87,'S44H4U8'),(100630,10410,5221,'2018-12-23 17:31:21',20,'B89U0P1'),(100631,10421,5583,'2018-12-24 16:39:19',75,'B89U0P1'),(100632,10377,5893,'2018-12-26 04:39:52',19,'T63F9R4'),(100633,10350,5147,'2018-12-27 10:55:17',59,'T63F9R4'),(100634,10432,5024,'2018-12-28 12:42:00',76,'B89U0P1'),(100635,10340,5012,'2018-12-31 11:34:37',24,'B89U0P1'),(100636,10417,5498,'2019-01-05 01:19:54',74,'T63F9R4'),(100637,10326,5342,'2019-01-10 23:33:38',60,'S44H4U8'),(100638,10391,5078,'2019-01-15 03:42:53',76,'B35T9E3'),(100639,10202,5716,'2019-01-21 21:35:47',79,'T63F9R4'),(100640,10394,5747,'2019-01-23 02:30:26',89,'S44H4U8'),(100641,10238,5195,'2019-01-23 21:02:57',82,'B35T9E3'),(100642,10207,5302,'2019-01-25 04:05:09',96,'T63F9R4'),(100643,10440,5588,'2019-01-25 16:20:06',93,'B35T9E3'),(100644,10191,5570,'2019-01-27 09:08:49',84,'B89U0P1'),(100645,10208,5231,'2019-01-27 21:45:02',73,'S44H4U8'),(100646,10257,5703,'2019-01-28 00:20:19',23,'B89U0P1'),(100647,10442,5850,'2019-01-29 03:16:25',78,'T63F9R4'),(100648,10366,5409,'2019-01-31 10:15:59',8,'T63F9R4'),(100649,10319,5512,'2019-02-04 05:17:38',26,'B35T9E3'),(100650,10417,5575,'2019-02-09 08:55:24',3,'C56U8U9'),(100651,10469,5486,'2019-02-10 05:24:27',36,'B35T9E3'),(100652,10308,5088,'2019-02-18 19:44:33',50,'T63F9R4'),(100653,10240,5810,'2019-02-19 01:57:28',92,'S44H4U8'),(100654,10257,5568,'2019-02-21 10:26:45',91,'C56U8U9'),(100655,10490,5813,'2019-02-22 19:53:23',65,'S44H4U8'),(100656,10513,5582,'2019-02-24 15:56:58',86,'S44H4U8'),(100657,10439,5652,'2019-02-25 07:01:46',36,'B89U0P1'),(100658,10467,5276,'2019-02-27 05:23:42',68,'S44H4U8'),(100659,10304,5066,'2019-02-28 12:02:10',18,'T63F9R4'),(100660,10330,5677,'2019-03-02 12:32:33',83,'T63F9R4'),(100661,10290,5149,'2019-03-04 19:11:44',48,'C56U8U9'),(100662,10407,5505,'2019-03-05 13:07:14',52,'B35T9E3'),(100663,10426,5671,'2019-03-09 11:18:44',97,'BT27GB'),(100664,10180,5408,'2019-03-13 10:10:49',76,'B89U0P1'),(100665,10263,5186,'2019-03-16 06:42:43',1,'S44H4U8'),(100666,10208,5274,'2019-03-17 21:58:03',77,'B89U0P1'),(100667,10448,5621,'2019-03-23 03:49:22',2,'C56U8U9'),(100668,10371,5759,'2019-03-23 17:25:37',90,'S44H4U8'),(100669,10294,5301,'2019-03-25 07:19:51',65,'B35T9E3'),(100670,10449,5840,'2019-03-26 01:37:04',2,'T63F9R4'),(100671,10214,5372,'2019-03-26 07:41:36',7,'T63F9R4'),(100672,10229,5485,'2019-03-26 11:50:38',70,'B89U0P1'),(100673,10505,5612,'2019-03-26 15:17:28',60,'B89U0P1'),(100674,10452,5103,'2019-03-27 09:53:52',74,'B35T9E3'),(100675,10222,5776,'2019-03-27 17:12:04',50,'B35T9E3'),(100676,10343,5835,'2019-03-28 17:04:19',6,'S44H4U8'),(100677,10511,5324,'2019-03-28 19:32:49',73,'B89U0P1'),(100678,10215,5055,'2019-04-01 13:47:05',65,'S44H4U8'),(100679,10263,5523,'2019-04-03 22:06:16',84,'B89U0P1'),(100680,10357,5320,'2019-04-07 07:21:01',83,'B35T9E3'),(100681,10456,5657,'2019-04-08 04:14:52',36,'B35T9E3'),(100682,10525,5494,'2019-04-14 16:07:16',79,'B89U0P1'),(100683,10329,5372,'2019-04-16 08:52:35',6,'BT27GB'),(100684,10300,5572,'2019-04-19 00:28:00',28,'BT27GB'),(100685,10212,5572,'2019-04-20 20:18:46',15,'S44H4U8'),(100686,10285,5541,'2019-04-21 04:21:24',76,'B35T9E3'),(100687,10544,5901,'2019-04-21 23:47:20',98,'B35T9E3'),(100688,10292,5645,'2019-04-22 19:10:34',59,'B35T9E3'),(100689,10536,5479,'2019-04-24 18:10:18',3,'B35T9E3'),(100690,10495,5844,'2019-04-26 02:57:15',87,'S44H4U8'),(100691,10292,5122,'2019-04-29 18:02:51',44,'T63F9R4'),(100692,10229,5712,'2019-05-01 00:16:57',50,'B35T9E3'),(100693,10411,5446,'2019-05-01 12:20:45',49,'B35T9E3'),(100694,10254,5621,'2019-05-03 04:30:59',65,'B89U0P1'),(100695,10309,5188,'2019-05-03 09:54:56',2,'B89U0P1'),(100696,10430,5186,'2019-05-06 01:34:58',47,'T63F9R4'),(100697,10438,5389,'2019-05-08 03:30:29',83,'B89U0P1'),(100698,10213,5209,'2019-05-08 23:38:47',35,'C56U8U9'),(100699,10421,5555,'2019-05-09 05:20:04',11,'B35T9E3'),(100700,10308,5724,'2019-05-11 14:31:46',70,'C56U8U9'),(100701,10413,5850,'2019-05-15 13:07:08',92,'B89U0P1'),(100702,10517,5742,'2019-05-17 03:47:27',27,'B35T9E3'),(100703,10485,5863,'2019-05-17 13:49:27',25,'B35T9E3'),(100704,10390,5748,'2019-05-18 18:26:32',52,'B89U0P1'),(100705,10358,5587,'2019-05-19 19:57:13',69,'S44H4U8'),(100706,10503,5567,'2019-05-22 19:31:51',61,'T63F9R4'),(100707,10516,5343,'2019-05-30 19:57:49',70,'B89U0P1'),(100708,10289,5215,'2019-05-31 17:18:50',11,'C56U8U9'),(100709,10334,5517,'2019-06-02 06:18:58',74,'BT27GB'),(100710,10493,5459,'2019-06-05 01:24:42',24,'C56U8U9'),(100711,10473,5557,'2019-06-06 10:39:46',54,'S44H4U8'),(100712,10315,5295,'2019-06-07 18:39:06',78,'B35T9E3'),(100713,10318,5069,'2019-06-09 08:09:44',71,'B35T9E3'),(100714,10189,5065,'2019-06-11 00:16:41',74,'C56U8U9'),(100715,10395,5323,'2019-06-11 04:38:49',77,'B89U0P1'),(100716,10260,5300,'2019-06-20 13:19:37',43,'BT27GB'),(100717,10427,5578,'2019-06-20 16:57:44',54,'B89U0P1'),(100718,10493,5305,'2019-06-20 20:24:28',28,'B35T9E3'),(100719,10261,5093,'2019-06-24 01:44:03',69,'B35T9E3'),(100720,10545,5066,'2019-06-26 20:43:09',66,'B89U0P1'),(100721,10255,5513,'2019-06-27 05:43:12',10,'C56U8U9'),(100722,10541,5834,'2019-06-27 18:27:07',8,'S44H4U8'),(100723,10255,5620,'2019-06-29 05:41:24',22,'B89U0P1'),(100724,10187,5401,'2019-06-29 09:51:40',90,'B35T9E3'),(100725,10338,NULL,'2019-06-29 17:35:26',73,'B89U0P1'),(100726,10500,5059,'2019-06-30 23:55:36',99,'T63F9R4'),(100727,10491,5181,'2019-07-04 05:21:51',89,'T63F9R4'),(100728,10220,5567,'2019-07-04 22:19:17',46,'C56U8U9'),(100729,10300,5836,'2019-07-05 11:12:21',36,'T63F9R4'),(100730,10467,5176,'2019-07-09 06:16:21',32,'C56U8U9'),(100731,10239,5342,'2019-07-12 06:16:38',42,'B89U0P1'),(100732,10371,5571,'2019-07-13 03:46:39',86,'T63F9R4'),(100733,10302,5630,'2019-07-13 05:13:49',95,'B35T9E3'),(100734,10431,5881,'2019-07-16 00:00:14',79,'B35T9E3'),(100735,10398,5450,'2019-07-18 08:51:47',36,'B35T9E3'),(100736,10494,5494,'2019-07-18 11:58:16',50,'B89U0P1'),(100737,10495,5719,'2019-07-24 00:25:59',58,'S44H4U8'),(100738,10320,5385,'2019-07-24 05:27:34',68,'B89U0P1'),(100739,10519,5464,'2019-07-26 11:57:38',30,'T63F9R4'),(100740,10338,5752,'2019-07-27 23:30:16',52,'C56U8U9'),(100741,10261,5523,'2019-07-28 01:20:39',50,'B89U0P1'),(100742,10329,5131,'2019-07-29 21:27:12',88,'BT27GB'),(100743,10413,5844,'2019-07-31 06:08:19',88,'B89U0P1'),(100744,10210,5520,'2019-08-02 04:05:17',64,'S44H4U8'),(100745,10332,5375,'2019-08-02 11:54:10',19,'B35T9E3'),(100746,10403,5724,'2019-08-06 13:32:23',37,'S44H4U8'),(100747,10269,5091,'2019-08-08 12:30:07',44,'B35T9E3'),(100748,10256,5081,'2019-08-11 03:24:48',79,'B35T9E3'),(100749,10237,5921,'2019-08-13 04:11:21',4,'B89U0P1'),(100750,10308,5597,'2019-08-13 16:08:00',45,'B89U0P1'),(100751,10358,5279,'2019-08-13 22:08:09',7,'B35T9E3'),(100752,10301,5268,'2019-08-18 03:39:01',30,'B35T9E3'),(100753,10262,5858,'2019-08-18 12:03:47',73,'B89U0P1'),(100754,10459,5841,'2019-08-26 17:58:55',2,'B35T9E3'),(100755,10317,5575,'2019-08-26 19:19:41',57,'BT27GB'),(100756,10259,5618,'2019-08-29 12:33:39',12,'S44H4U8'),(100757,10540,5508,'2019-09-04 16:41:37',21,'T63F9R4'),(100758,10313,5407,'2019-09-04 20:23:13',29,'BT27GB'),(100759,10182,5174,'2019-09-07 11:45:11',84,'B35T9E3'),(100760,10349,5023,'2019-09-08 13:47:27',26,'B35T9E3'),(100761,10407,5220,'2019-09-12 16:53:46',58,'B35T9E3'),(100762,10204,5891,'2019-09-12 19:22:45',61,'B89U0P1'),(100763,10436,5485,'2019-09-14 22:11:04',54,'B35T9E3'),(100764,10327,5864,'2019-09-15 14:51:06',75,'B89U0P1'),(100765,10481,5220,'2019-09-16 16:06:53',9,'B89U0P1'),(100766,10191,5201,'2019-09-17 12:51:54',55,'B35T9E3'),(100767,10389,5544,'2019-09-19 15:32:28',16,'B35T9E3'),(100768,10545,5924,'2019-09-19 18:35:01',4,'C56U8U9'),(100769,10241,5110,'2019-09-24 21:04:52',29,'B35T9E3'),(100770,10281,5135,'2019-09-27 14:22:48',34,'B89U0P1'),(100771,10446,5897,'2019-10-01 20:06:40',95,'T63F9R4'),(100772,10235,5644,'2019-10-05 06:41:42',88,'T63F9R4'),(100773,10525,5630,'2019-10-05 07:59:08',38,'B89U0P1'),(100774,10456,5530,'2019-10-06 03:35:04',73,'B89U0P1'),(100775,10266,5365,'2019-10-06 03:46:27',16,'B89U0P1'),(100776,10250,5493,'2019-10-09 11:43:57',47,'BT27GB'),(100777,10239,5339,'2019-10-09 17:53:42',52,'B35T9E3'),(100778,10487,5041,'2019-10-11 21:49:43',8,'B89U0P1'),(100779,10396,5448,'2019-10-13 19:34:15',78,'C56U8U9'),(100780,10267,5509,'2019-10-14 15:24:43',71,'B89U0P1'),(100781,10514,5657,'2019-10-20 08:56:10',92,'B35T9E3'),(100782,10472,5727,'2019-10-20 15:53:00',67,'B89U0P1'),(100783,10481,5476,'2019-10-23 08:54:50',57,'S44H4U8'),(100784,10263,5634,'2019-10-24 10:05:12',43,'B35T9E3'),(100785,10422,5763,'2019-10-26 10:29:20',38,'B35T9E3'),(100786,10178,5024,'2019-10-29 01:08:53',92,'B89U0P1'),(100787,10252,5045,'2019-10-30 18:35:05',48,'B35T9E3'),(100788,10381,5138,'2019-10-31 02:24:43',65,'T63F9R4'),(100789,10181,5533,'2019-10-31 23:47:24',80,'B35T9E3'),(100790,10183,5141,'2019-11-02 06:59:55',76,'T63F9R4'),(100791,10527,5645,'2019-11-07 18:23:23',77,'B35T9E3'),(100792,10343,5020,'2019-11-10 08:22:27',81,'B89U0P1'),(100793,10181,5079,'2019-11-11 23:56:42',78,'S44H4U8'),(100794,10358,5135,'2019-11-14 11:50:22',40,'B89U0P1'),(100795,10282,5245,'2019-11-15 21:01:35',48,'T63F9R4'),(100796,10395,5229,'2019-11-21 07:05:13',14,'T63F9R4'),(100797,10366,5689,'2019-11-26 09:19:05',74,'B35T9E3'),(100798,10439,5789,'2019-11-27 04:12:25',54,'B35T9E3'),(100799,10426,5763,'2019-11-28 16:24:40',20,'B35T9E3'),(100800,10439,5049,'2019-12-01 09:48:53',79,'C56U8U9'),(100801,10388,5906,'2019-12-01 10:10:40',70,'C56U8U9'),(100802,10397,5816,'2019-12-02 01:00:01',85,'B89U0P1'),(100803,10327,5104,'2019-12-02 02:36:35',16,'B35T9E3'),(100804,10448,5415,'2019-12-04 00:46:30',52,'B35T9E3'),(100805,10287,5807,'2019-12-07 02:31:08',74,'B35T9E3'),(100806,10359,5515,'2019-12-09 07:12:09',15,'T63F9R4'),(100807,10545,5524,'2019-12-09 21:46:12',46,'B35T9E3'),(100808,10288,5016,'2019-12-09 23:03:29',30,'T63F9R4'),(100809,10528,5336,'2019-12-12 19:52:21',68,'T63F9R4'),(100810,10473,5703,'2019-12-17 17:15:30',81,'S44H4U8'),(100811,10455,5090,'2019-12-23 16:44:44',74,'B35T9E3'),(100812,10503,5659,'2020-01-04 23:38:48',16,'S44H4U8'),(100813,10380,5704,'2020-01-11 02:18:04',80,'S44H4U8'),(100814,10467,5445,'2020-01-12 10:16:34',81,'T63F9R4'),(100815,10194,5088,'2020-01-13 00:17:38',67,'B89U0P1'),(100816,10206,5351,'2020-01-14 00:59:38',66,'B35T9E3'),(100817,10178,5315,'2020-01-14 08:14:04',62,'B35T9E3'),(100818,10531,5485,'2020-01-15 00:05:04',46,'B35T9E3'),(100819,10408,5453,'2020-01-17 04:51:34',93,'T63F9R4'),(100820,10387,5618,'2020-01-17 08:12:12',44,'B35T9E3'),(100821,10338,5321,'2020-01-22 11:01:24',4,'B35T9E3'),(100822,10325,5857,'2020-01-23 01:57:36',8,'B89U0P1'),(100823,10494,5707,'2020-01-23 03:32:11',72,'B35T9E3'),(100824,10316,5028,'2020-01-24 21:06:47',80,'C56U8U9'),(100825,10205,5027,'2020-01-25 03:20:42',91,'B35T9E3'),(100826,10263,5067,'2020-01-29 22:07:52',30,'T63F9R4'),(100827,10526,5533,'2020-01-29 23:25:11',39,'B89U0P1'),(100828,10303,5725,'2020-02-01 19:36:44',13,'S44H4U8'),(100829,10464,5138,'2020-02-03 12:58:56',20,'BT27GB'),(100830,10360,5759,'2020-02-06 09:21:20',25,'B35T9E3'),(100831,10287,5032,'2020-02-07 08:10:32',66,'B35T9E3'),(100832,10465,5805,'2020-02-08 02:07:07',69,'T63F9R4'),(100833,10314,5855,'2020-02-11 05:12:46',57,'C56U8U9'),(100834,10182,5536,'2020-02-12 13:13:59',58,'B89U0P1'),(100835,10190,5787,'2020-02-13 13:50:33',87,'B35T9E3'),(100836,10394,5208,'2020-02-16 04:43:47',27,'B35T9E3'),(100837,10506,5787,'2020-02-22 06:21:32',19,'B35T9E3'),(100838,10245,5049,'2020-02-22 14:31:51',33,'BT27GB'),(100839,10316,5409,'2020-02-24 07:12:27',55,'T63F9R4'),(100840,10296,5322,'2020-02-26 18:19:34',56,'S44H4U8'),(100841,10259,5648,'2020-02-27 15:44:40',55,'B35T9E3'),(100842,10517,5748,'2020-03-04 09:20:46',96,'B35T9E3'),(100843,10334,5252,'2020-03-11 20:47:35',71,'B35T9E3'),(100844,10234,5708,'2020-03-12 14:27:57',43,'B89U0P1'),(100845,10411,5312,'2020-03-13 01:31:39',55,'B89U0P1'),(100846,10330,5129,'2020-03-13 06:02:15',63,'C56U8U9'),(100847,10430,5432,'2020-03-14 08:28:47',8,'B35T9E3'),(100848,10387,5205,'2020-03-14 15:20:28',73,'B35T9E3'),(100849,10431,5241,'2020-03-15 11:10:08',11,'B35T9E3'),(100850,10267,5631,'2020-03-16 01:13:01',12,'S44H4U8'),(100851,10460,5171,'2020-03-19 00:54:39',43,'B89U0P1'),(100852,10451,5787,'2020-03-28 07:39:56',36,'B89U0P1'),(100853,10382,5424,'2020-04-01 17:45:15',67,'B35T9E3'),(100854,10436,5729,'2020-04-02 03:11:05',17,'T63F9R4'),(100855,10202,5343,'2020-04-02 10:00:21',57,'S44H4U8'),(100856,10516,5738,'2020-04-04 08:08:06',6,'B89U0P1'),(100857,10462,5766,'2020-04-06 06:38:41',18,'B35T9E3'),(100858,10416,5468,'2020-04-07 18:37:08',30,'BT27GB'),(100859,10209,5437,'2020-04-09 19:55:51',52,'B35T9E3'),(100860,10235,5588,'2020-04-10 13:32:16',31,'B89U0P1'),(100861,10266,5854,'2020-04-11 09:08:07',59,'S44H4U8'),(100862,10190,5256,'2020-04-13 16:38:55',75,'B35T9E3'),(100863,10449,5165,'2020-04-14 17:24:50',36,'S44H4U8'),(100864,10384,5488,'2020-04-15 09:31:46',47,'B89U0P1'),(100865,10501,5636,'2020-04-15 15:10:57',1,'B35T9E3'),(100866,10447,5318,'2020-04-19 02:49:01',22,'B35T9E3'),(100867,10488,5396,'2020-04-21 05:40:30',44,'T63F9R4'),(100868,10239,5169,'2020-04-21 15:07:03',50,'B35T9E3'),(100869,10438,5180,'2020-04-23 18:00:26',94,'B89U0P1'),(100870,10320,5062,'2020-04-28 12:36:06',98,'S44H4U8'),(100871,10397,5448,'2020-04-30 06:08:57',40,'B35T9E3'),(100872,10184,5866,'2020-05-02 08:38:39',7,'T63F9R4'),(100873,10354,5861,'2020-05-04 06:18:53',69,'BT27GB'),(100874,10490,5132,'2020-05-04 10:04:26',91,'T63F9R4'),(100875,10245,5000,'2020-05-05 04:20:43',30,'B89U0P1'),(100876,10370,5242,'2020-05-11 17:15:51',21,'B89U0P1'),(100877,10435,5839,'2020-05-12 15:05:59',29,'B89U0P1'),(100878,10501,5025,'2020-05-14 02:58:56',26,'C56U8U9'),(100879,10352,5599,'2020-05-16 02:32:37',20,'T63F9R4'),(100880,10485,5767,'2020-05-20 04:30:31',12,'B89U0P1'),(100881,10420,5775,'2020-05-21 08:27:58',35,'B35T9E3'),(100882,10334,5030,'2020-05-25 14:55:32',48,'BT27GB'),(100883,10433,5255,'2020-05-26 09:57:43',83,'B35T9E3'),(100884,10524,5123,'2020-05-27 19:55:16',62,'B89U0P1'),(100885,10183,5233,'2020-05-30 21:18:34',22,'B35T9E3'),(100886,10300,5282,'2020-05-30 23:27:35',39,'BT27GB'),(100887,10462,5215,'2020-06-05 09:15:56',33,'S44H4U8'),(100888,10294,5380,'2020-06-06 05:08:30',79,'B35T9E3'),(100889,10215,5632,'2020-06-13 16:51:38',30,'C56U8U9'),(100890,10481,5790,'2020-06-15 01:20:40',36,'T63F9R4'),(100891,10394,5283,'2020-06-15 17:46:00',89,'B35T9E3'),(100892,10349,5214,'2020-06-15 19:23:22',26,'B35T9E3'),(100893,10348,5586,'2020-06-15 23:01:35',78,'S44H4U8'),(100894,10267,5563,'2020-06-16 16:13:30',3,'B35T9E3'),(100895,10251,5037,'2020-06-17 13:07:20',86,'B35T9E3'),(100896,10482,5570,'2020-06-26 11:19:33',86,'C56U8U9'),(100897,10388,5097,'2020-06-27 10:51:44',84,'B89U0P1'),(100898,10202,5171,'2020-06-28 17:45:13',76,'S44H4U8'),(100899,10504,5756,'2020-06-29 08:22:34',52,'T63F9R4'),(100900,10188,5177,'2020-06-30 00:46:13',73,'B35T9E3'),(100901,10456,5464,'2020-07-04 12:15:49',19,'B35T9E3'),(100902,10232,5147,'2020-07-07 18:22:50',35,'S44H4U8'),(100903,10446,5207,'2020-07-08 08:25:56',85,'T63F9R4'),(100904,10543,5849,'2020-07-08 23:11:35',47,'S44H4U8'),(100905,10353,5882,'2020-07-12 09:13:53',78,'B89U0P1'),(100906,10419,5699,'2020-07-12 19:52:55',31,'B89U0P1'),(100907,10206,5019,'2020-07-16 00:33:16',6,'C56U8U9'),(100908,10275,5798,'2020-07-23 15:28:22',46,'T63F9R4'),(100909,10479,5495,'2020-07-25 07:15:57',24,'BT27GB'),(100910,10297,5367,'2020-07-26 01:23:53',60,'S44H4U8'),(100911,10498,5764,'2020-07-26 10:28:07',34,'S44H4U8'),(100912,10319,5361,'2020-08-01 14:25:53',19,'B89U0P1'),(100913,10503,5659,'2020-08-08 14:19:52',43,'S44H4U8'),(100914,10193,5865,'2020-08-10 09:09:31',15,'S44H4U8'),(100915,10373,5194,'2020-08-13 01:24:09',71,'B89U0P1'),(100916,10434,5346,'2020-08-13 11:51:47',68,'B89U0P1'),(100917,10384,5688,'2020-08-14 11:41:30',45,'B35T9E3'),(100918,10286,5690,'2020-08-16 10:53:51',76,'B35T9E3'),(100919,10428,5000,'2020-08-17 23:14:44',76,'C56U8U9'),(100920,10355,5841,'2020-08-20 02:30:33',11,'B35T9E3'),(100921,10249,5201,'2020-08-22 07:11:11',74,'T63F9R4'),(100922,10510,5622,'2020-08-24 15:24:50',15,'C56U8U9'),(100923,10530,5492,'2020-08-24 23:54:47',74,'T63F9R4'),(100924,10361,5620,'2020-08-27 00:03:37',11,'B35T9E3'),(100925,10532,5181,'2020-08-28 03:41:10',15,'S44H4U8'),(100926,10528,5837,'2020-09-05 09:49:09',12,'S44H4U8'),(100927,10508,5008,'2020-09-08 22:17:26',10,'S44H4U8'),(100928,10479,5269,'2020-09-12 12:23:04',32,'B35T9E3'),(100929,10304,5004,'2020-09-14 05:06:05',15,'B35T9E3'),(100930,10411,5434,'2020-09-17 16:03:35',60,'B89U0P1'),(100931,10513,5579,'2020-09-20 05:40:28',59,'BT27GB'),(100932,10325,5209,'2020-09-22 20:13:51',64,'B35T9E3'),(100933,10447,5297,'2020-09-28 18:41:03',4,'B35T9E3'),(100934,10540,5892,'2020-09-29 20:18:51',73,'S44H4U8'),(100935,10304,5578,'2020-09-30 00:53:03',68,'S44H4U8'),(100936,10267,5110,'2020-10-01 17:40:14',67,'B89U0P1'),(100937,10221,5028,'2020-10-01 22:07:37',57,'B89U0P1'),(100938,10249,5285,'2020-10-09 22:32:09',72,'BT27GB'),(100939,10469,5403,'2020-10-11 08:48:26',96,'T63F9R4'),(100940,10539,5846,'2020-10-12 06:06:48',55,'S44H4U8'),(100941,10193,5031,'2020-10-13 15:09:31',16,'B89U0P1'),(100942,10453,5647,'2020-10-16 06:54:26',57,'S44H4U8'),(100943,10304,5605,'2020-10-16 11:17:12',66,'B35T9E3'),(100944,10239,5844,'2020-10-16 11:47:50',19,'B89U0P1'),(100945,10516,5070,'2020-10-18 07:40:25',50,'B89U0P1'),(100946,10355,5874,'2020-10-22 10:47:47',16,'B35T9E3'),(100947,10301,5252,'2020-10-28 20:38:43',53,'B89U0P1'),(100948,10223,5319,'2020-10-30 10:27:05',73,'B89U0P1'),(100949,10465,5363,'2020-11-01 02:54:56',51,'B35T9E3'),(100950,10248,5872,'2020-11-05 20:28:21',4,'B35T9E3'),(100951,10500,5277,'2020-11-07 07:46:11',20,'B89U0P1'),(100952,10282,5535,'2020-11-11 16:38:09',87,'S44H4U8'),(100953,10508,5081,'2020-11-14 04:49:30',60,'B89U0P1'),(100954,10543,5266,'2020-11-14 10:17:40',31,'BT27GB'),(100955,10232,5504,'2020-11-14 15:21:42',78,'BT27GB'),(100956,10279,5457,'2020-11-15 11:19:49',82,'BT27GB'),(100957,10408,5541,'2020-11-22 11:49:19',20,'B35T9E3'),(100958,10502,5648,'2020-11-24 00:10:36',31,'B89U0P1'),(100959,10372,5328,'2020-11-24 03:26:15',58,'B35T9E3'),(100960,10467,5091,'2020-11-24 21:27:53',86,'C56U8U9'),(100961,10441,5062,'2020-11-25 05:31:39',54,'T63F9R4'),(100962,10473,5058,'2020-12-02 16:37:07',91,'C56U8U9'),(100963,10339,5581,'2020-12-05 12:07:41',47,'B89U0P1'),(100964,10199,5627,'2020-12-06 05:16:21',35,'B89U0P1'),(100965,10299,5120,'2020-12-06 10:56:53',32,'B35T9E3'),(100966,10359,5664,'2020-12-06 16:02:31',88,'T63F9R4'),(100967,10302,5242,'2020-12-11 12:57:41',2,'B89U0P1'),(100968,10507,5221,'2020-12-19 01:05:31',28,'B89U0P1'),(100969,10287,5612,'2020-12-23 00:19:32',36,'B89U0P1'),(100970,10474,5476,'2020-12-23 14:04:05',67,'T63F9R4'),(100971,10253,5427,'2020-12-23 17:35:58',65,'B35T9E3'),(100972,10381,5817,'2020-12-24 01:50:19',14,'S44H4U8'),(100973,10436,5716,'2020-12-24 21:15:26',79,'B89U0P1'),(100974,10525,5752,'2020-12-26 06:30:00',94,'B89U0P1'),(100975,10405,5835,'2021-01-01 00:32:06',67,'B35T9E3'),(100976,10210,5865,'2021-01-01 13:31:35',20,'S44H4U8'),(100977,10181,5188,'2021-01-03 04:46:56',26,'T63F9R4'),(100978,10433,5064,'2021-01-03 13:25:27',97,'B89U0P1'),(100979,10529,5474,'2021-01-13 00:07:59',42,'B35T9E3'),(100980,10323,5681,'2021-01-14 17:32:16',89,'B35T9E3'),(100981,10192,5222,'2021-01-14 17:53:28',35,'T63F9R4'),(100982,10249,5920,'2021-01-19 14:43:52',43,'B35T9E3'),(100983,10244,5324,'2021-01-21 03:18:03',41,'S44H4U8'),(100984,10285,5060,'2021-01-23 05:04:42',70,'B89U0P1'),(100985,10539,5583,'2021-01-25 11:12:39',17,'BT27GB'),(100986,10263,5103,'2021-01-26 02:02:08',50,'S44H4U8'),(100987,10497,5395,'2021-01-26 08:31:05',31,'B35T9E3'),(100988,10281,5589,'2021-01-27 02:59:34',46,'B89U0P1'),(100989,10427,5499,'2021-01-27 11:21:44',75,'B89U0P1'),(100990,10516,5652,'2021-01-31 10:59:41',10,'B35T9E3'),(100991,10323,5741,'2021-01-31 17:54:59',100,'B35T9E3'),(100992,10214,5143,'2021-02-10 08:41:24',4,'T63F9R4'),(100993,10341,5650,'2021-02-15 18:14:55',43,'B89U0P1'),(100994,10322,5469,'2021-02-16 11:20:21',93,'B35T9E3'),(100995,10234,5741,'2021-02-17 18:28:27',65,'T63F9R4'),(100996,10231,5409,'2021-02-19 05:03:54',53,'B35T9E3'),(100997,10322,5535,'2021-02-26 05:13:06',24,'T63F9R4'),(100998,10451,5915,'2021-03-03 00:21:03',33,'S44H4U8'),(100999,10441,NULL,'2021-03-18 21:48:08',66,'BT27GB');
/*!40000 ALTER TABLE `order` ENABLE KEYS */;
UNLOCK TABLES;

SET SESSION sql_mode = sys.list_add(@@session.sql_mode, 'ONLY_FULL_GROUP_BY');
--
-- Table structure for table `region`
--

DROP TABLE IF EXISTS `region`;
/*!40101 SET @saved_cs_client     = @@character_set_client */;
/*!40101 SET character_set_client = utf8 */;
CREATE TABLE `region` (
  `region_id` int(11) NOT NULL AUTO_INCREMENT,
  `region_name` varchar(45) NOT NULL,
  `country` varchar(45) NOT NULL,
  PRIMARY KEY (`region_id`)
) ENGINE=InnoDB AUTO_INCREMENT=99 DEFAULT CHARSET=utf8mb4 MAX_ROWS=99;
/*!40101 SET character_set_client = @saved_cs_client */;

--
-- Dumping data for table `region`
--

LOCK TABLES `region` WRITE;
/*!40000 ALTER TABLE `region` DISABLE KEYS */;
INSERT INTO `region` VALUES (1,'Apulia','Italy'),(2,'Calabria','Italy'),(3,'Emilia-Romagna','Italy'),(4,'Liguria','Italy'),(5,'Lombardy','Italy'),(6,'Marche','Italy'),(7,'Piedmont','Italy'),(8,'Sardinia','Italy'),(9,'Siciliy','Italy'),(10,'Trentino-Alto-Adige','Italy'),(11,'Tuscany','Italy'),(12,'Umbria','Italy'),(13,'Veneto','Italy'),(14,'Andalusia','Spain'),(15,'Aragon','Spain'),(16,'Asturias','Spain'),(17,'Cantabria','Spain'),(18,'Castile and Leon','Spain'),(19,'Castile-La Mancha','Spain'),(20,'Catalonia','Spain'),(21,'Community of Madrid','Spain'),(22,'Valencian Community','Spain'),(23,'Extremadura','Spain'),(24,'Galicia','Spain'),(25,'Balearic Islands','Spain'),(26,'Canary Islands','Spain'),(27,'Foral Community of Navarre','Spain'),(28,'Basque Country','Spain'),(29,'Murcia','Spain'),(30,'La Rioja','Spain'),(31,'Alsace','France'),(32,'Beaujolais','France'),(33,'Bordeaux','France'),(34,'Brittany','France'),(35,'Burgundy','France'),(36,'Corsica','France'),(37,'Ile-de-France','France'),(38,'Jura','France'),(39,'Languedoc-Roussillon','France'),(40,'Loire','France'),(41,'Normandy','France'),(42,'Picardy','France'),(43,'Provence','France'),(44,'Rhone','France'),(45,'Savoy','France'),(46,'South West France','France'),(47,'Ahr','Germany'),(48,'Baden','Germany'),(49,'Franconia','Germany'),(50,'Hessische Bergstrasse','Germany'),(51,'Mittelrhein','Germany'),(52,'Mosel','Germany'),(53,'Nahe','Germany'),(54,'Palatinate','Germany'),(55,'Rheingau','Germany'),(56,'Rheinhessen','Germany'),(57,'Saale-Unstrut','Germany'),(58,'Saxony','Germany'),(59,'Wurttemberg','Germany'),(60,'West Coast','United States'),(61,'Southwestern US','United States'),(62,'Rocky Mountain Road','United States'),(63,'Southern US','United States'),(64,'Midwestern US','United States'),(65,'Great Lakes','United States'),(66,'East Coast','United States'),(67,'Margaret River','Australia'),(68,'Swan Valley','Australia'),(69,'Barossa Valley','Australia'),(70,'Adeleide Hills','Australia'),(71,'McLaren Vale','Australia'),(72,'Yarra Valley','Australia'),(73,'Mornington Peninsula','Australia'),(74,'Hunter Valley','Australia'),(75,'Orange','Australia'),(76,'Tamar Valley','Australia'),(77,'Canberra District','Australia'),(78,'Auckland','New Zealand'),(79,'Canterbury','New Zealand'),(80,'Central Otago','New Zealand'),(81,'Hawke\'s Bay','New Zealand'),(82,'Gisborne','New Zealand'),(83,'Marlborough','New Zealand'),(84,'Nelson','New Zealand'),(85,'Northland','New Zealand'),(86,'Waikato','New Zealand'),(87,'Wairarapa','New Zealand'),(88,'Waitaki Valley','New Zealand'),(89,'Mendoza','Argentina'),(90,'San Juan & La Rioja','Argentina'),(91,'Northwest','Argentina'),(92,'Patagonia','Argentina'),(93,'Atacama','Chile'),(94,'Coquimbo','Chile'),(95,'Aconcagua','Chile'),(96,'Central Valley','Chile'),(97,'Southern Chile','Chile'),(98,'Bergerac','France');
/*!40000 ALTER TABLE `region` ENABLE KEYS */;
UNLOCK TABLES;

--
-- Table structure for table `warehouse`
--

DROP TABLE IF EXISTS `warehouse`;
/*!40101 SET @saved_cs_client     = @@character_set_client */;
/*!40101 SET character_set_client = utf8 */;
CREATE TABLE `warehouse` (
  `warehouse_ecode` varchar(7) NOT NULL,
  `warehouse_saddress` varchar(45) NOT NULL,
  `warehouse_county` varchar(10) NOT NULL,
  `warehouse_phone` varchar(45) NOT NULL,
  `warehouse_email` varchar(45) NOT NULL,
  `warehouse_manager` varchar(45) NOT NULL,
  PRIMARY KEY (`warehouse_ecode`)
) ENGINE=InnoDB DEFAULT CHARSET=utf8mb4;
/*!40101 SET character_set_client = @saved_cs_client */;

--
-- Dumping data for table `warehouse`
--

LOCK TABLES `warehouse` WRITE;
/*!40000 ALTER TABLE `warehouse` DISABLE KEYS */;
INSERT INTO `warehouse` VALUES ('B35T9E3','21 Rockwood Abbey, Lucan','Dublin','+1 219-289-6189','lucan@wineinline.ie','Teddy Daniels'),('B89U0P1','Barretts Avenue, Salthill','Galway','+9 654-896-6419','salthill@wineinline.ie','Andrew Laedis'),('BT27GB','Twin Spires, Northumberland St, Belfast','Antrim','+44 289-032-0205','belfast@wineinline.ie','Eddie Dean'),('C56U8U9','Unit 4, Forgehill Enterprise Park, Cork','Cork','+21 596-569-3232','cork@wineinline.ie','Susanna Holmes'),('S44H4U8','Stags Head, Main St, Ashbourne','Meath','+46 968-951-2525','ashbourne@wineinline.ie','Jim Jackson'),('T63F9R4','Tirchonaill St, Donegal','Donegal','+74 778-552-4658','donegal@wineinline.ie','Ray Taillever');
/*!40000 ALTER TABLE `warehouse` ENABLE KEYS */;
UNLOCK TABLES;

--
-- Table structure for table `wine`
--

DROP TABLE IF EXISTS `wine`;
/*!40101 SET @saved_cs_client     = @@character_set_client */;
/*!40101 SET character_set_client = utf8 */;
CREATE TABLE `wine` (
  `wine_id` int(11) NOT NULL AUTO_INCREMENT,
  `wine_name` varchar(45) NOT NULL,
  `abv` int(11) NOT NULL,
  `grape_id` int(11) NOT NULL,
  `price` decimal(10,2) DEFAULT NULL,
  `stock` int(11) NOT NULL,
  `winemaker_id` int(11) DEFAULT NULL,
  PRIMARY KEY (`wine_id`),
  KEY `wine_winemaker_idx` (`winemaker_id`),
  KEY `wine_grape_idx` (`grape_id`),
  CONSTRAINT `wine_grape` FOREIGN KEY (`grape_id`) REFERENCES `grape` (`grape_id`),
  CONSTRAINT `wine_winemaker` FOREIGN KEY (`winemaker_id`) REFERENCES `winemaker` (`winemaker_id`)
) ENGINE=InnoDB AUTO_INCREMENT=10555 DEFAULT CHARSET=utf8mb4;
/*!40101 SET character_set_client = @saved_cs_client */;

--
-- Dumping data for table `wine`
--

LOCK TABLES `wine` WRITE;
/*!40000 ALTER TABLE `wine` DISABLE KEYS */;
INSERT INTO `wine` VALUES (10178,'Acrantophis madagascariensis',13,129,407.00,64,1072),(10179,'Ceratotherium simum',12,126,163.00,86,1148),(10180,'Raphicerus campestris',12,114,127.00,6,1026),(10181,'Epicrates cenchria maurus',10,114,408.00,90,1080),(10182,'Estrilda erythronotos',13,115,189.00,19,1075),(10183,'Gorilla gorilla',14,108,175.00,32,1046),(10184,'Rhea americana',11,132,292.00,21,1154),(10185,'Choloepus hoffmani',13,120,256.00,71,1150),(10186,'Alectura lathami',13,134,251.00,60,1053),(10187,'Chionis alba',11,124,110.00,62,1117),(10188,'Lorythaixoides concolor',14,126,247.00,64,1040),(10189,'Canis mesomelas',11,124,377.00,33,1059),(10190,'Phasianus colchicus',15,103,370.00,29,1007),(10191,'Marmota flaviventris',13,136,220.00,3,1046),(10192,'Pseudocheirus peregrinus',14,134,215.00,82,1142),(10193,'Anas bahamensis',11,129,82.00,72,1079),(10194,'Megaderma spasma',12,125,76.00,43,1006),(10195,'Sciurus vulgaris',12,104,162.00,65,1100),(10196,'Lybius torquatus',11,122,133.00,4,1120),(10197,'Eumetopias jubatus',14,133,239.00,2,1149),(10198,'Phalaropus fulicarius',12,135,135.00,39,1050),(10199,'Sciurus vulgaris',11,122,160.00,53,1068),(10200,'Naja haje',12,137,152.00,72,1115),(10201,'Cordylus giganteus',15,129,37.00,37,1102),(10202,'Heloderma horridum',13,135,385.00,94,1040),(10203,'Leprocaulinus vipera',10,127,205.00,97,1037),(10204,'Spilogale gracilis',11,107,173.00,25,1067),(10205,'Crocodylus niloticus',14,104,213.00,72,1019),(10206,'Loris tardigratus',14,129,121.00,86,1072),(10207,'Zonotrichia capensis',13,131,220.00,8,1051),(10208,'Panthera leo persica',13,107,136.00,28,1082),(10209,'Corvus albus',11,139,183.00,24,1138),(10210,'Certotrichas paena',13,112,415.00,21,1116),(10211,'Streptopelia senegalensis',11,140,412.00,78,1003),(10212,'Delphinus delphis',12,104,410.00,7,1160),(10213,'Axis axis',12,104,384.00,17,1092),(10214,'Morelia spilotes variegata',13,120,325.00,17,1003),(10215,'Francolinus leucoscepus',11,125,208.00,36,1158),(10216,'Aegypius occipitalis',14,140,363.00,53,1112),(10217,'Cordylus giganteus',15,123,134.00,0,1166),(10218,'Milvus migrans',15,132,79.00,74,1127),(10219,'Echimys chrysurus',11,136,304.00,97,1044),(10220,'Coluber constrictor',10,101,233.00,92,1048),(10221,'Platalea leucordia',13,141,277.00,80,1069),(10222,'Falco mexicanus',10,131,76.00,44,1157),(10223,'Sciurus vulgaris',15,111,164.00,85,1032),(10224,'Tragelaphus angasi',14,120,118.00,52,1007),(10225,'Bettongia penicillata',10,121,308.00,19,1066),(10226,'Columba palumbus',14,118,60.00,9,1029),(10227,'Eubalaena australis',11,101,81.00,61,1023),(10228,'Bassariscus astutus',15,103,206.00,88,1068),(10229,'Ploceus intermedius',14,141,149.00,40,1118),(10230,'Dendrocitta vagabunda',14,127,366.00,70,1092),(10231,'Graspus graspus',11,134,41.00,64,1161),(10232,'Smithopsis crassicaudata',10,119,162.00,71,1052),(10233,'Cochlearius cochlearius',14,117,393.00,63,1041),(10234,'Columba livia',15,125,378.00,7,1019),(10235,'Rhea americana',10,130,395.00,53,1034),(10236,'Coluber constrictor',10,119,281.00,85,1085),(10237,'Chamaelo sp.',12,122,312.00,56,1122),(10238,'Limnocorax flavirostra',12,113,168.00,97,1036),(10239,'Spermophilus lateralis',14,104,292.00,64,1059),(10240,'Alouatta seniculus',12,100,216.00,59,1148),(10241,'Sterna paradisaea',15,130,260.00,4,1123),(10242,'Pedetes capensis',13,106,308.00,75,1123),(10243,'Paraxerus cepapi',15,108,158.00,90,1096),(10244,'Neophoca cinerea',11,118,98.00,49,1020),(10245,'Acrobates pygmaeus',12,129,67.00,69,1148),(10246,'Dusicyon thous',15,137,174.00,10,1117),(10247,'Spermophilus parryii',15,126,51.00,48,1122),(10248,'Cacatua tenuirostris',14,125,192.00,15,1033),(10249,'Dipodomys deserti',13,119,332.00,47,1090),(10250,'Felis libyca',12,115,329.00,95,1114),(10251,'Sylvicapra grimma',15,113,41.00,58,1144),(10252,'Potamochoerus porcus',12,115,352.00,29,1112),(10253,'Haliaeetus leucoryphus',14,139,258.00,86,1005),(10254,'Bassariscus astutus',12,114,380.00,11,1155),(10255,'Ovis orientalis',14,108,128.00,95,1022),(10256,'Felis silvestris lybica',14,125,181.00,38,1129),(10257,'Picoides pubescens',11,116,99.00,24,1116),(10258,'Leipoa ocellata',13,141,232.00,84,1094),(10259,'Gazella thompsonii',11,141,58.00,94,1163),(10260,'Fulica cristata',13,119,417.00,71,1078),(10261,'Thalasseus maximus',12,106,33.00,92,1094),(10262,'Elephas maximus bengalensis',10,141,236.00,56,1061),(10263,'Hystrix cristata',14,126,46.00,56,1091),(10264,'Pycnonotus barbatus',15,138,53.00,27,1119),(10265,'Erinaceus frontalis',12,132,180.00,25,1099),(10266,'Thalasseus maximus',10,128,206.00,56,1005),(10267,'Panthera pardus',14,101,372.00,29,1142),(10268,'Canis mesomelas',13,131,342.00,96,1033),(10269,'Merops nubicus',14,107,134.00,21,1006),(10270,'Cervus duvauceli',13,130,32.00,7,1075),(10271,'Felis silvestris lybica',12,124,337.00,61,1007),(10272,'Lamprotornis nitens',14,140,375.00,40,1140),(10273,'Ammospermophilus nelsoni',14,124,66.00,46,1112),(10274,'Pteropus rufus',12,101,266.00,69,1011),(10275,'Lasiorhinus latifrons',10,131,332.00,6,1071),(10276,'Hystrix cristata',12,130,75.00,77,1006),(10277,'Mazama gouazoubira',13,139,49.00,9,1051),(10278,'Heloderma horridum',10,107,129.00,95,1118),(10279,'Sitta canadensis',13,110,391.00,28,1124),(10280,'Oncorhynchus nerka',15,124,388.00,95,1081),(10281,'Pelecanus occidentalis',12,107,301.00,96,1004),(10282,'Gerbillus sp.',12,104,287.00,39,1080),(10283,'Columba livia',12,110,305.00,83,1164),(10284,'Ovis orientalis',13,133,249.00,61,1114),(10285,'Kobus leche robertsi',12,111,237.00,73,1105),(10286,'Varanus sp.',11,124,56.00,25,1020),(10287,'Catharacta skua',10,111,113.00,32,1127),(10288,'Dicrostonyx groenlandicus',10,138,321.00,63,1004),(10289,'Phoeniconaias minor',12,115,252.00,6,1048),(10290,'Ara chloroptera',13,141,321.00,55,1161),(10291,'Melursus ursinus',12,141,210.00,68,1089),(10292,'Alcelaphus buselaphus caama',12,112,49.00,33,1066),(10293,'Phaethon aethereus',12,120,92.00,74,1137),(10294,'Paradoxurus hermaphroditus',11,105,367.00,35,1162),(10295,'Panthera pardus',11,115,359.00,85,1090),(10296,'Choriotis kori',12,121,239.00,25,1072),(10297,'Equus burchelli',15,106,246.00,80,1034),(10298,'Rhabdomys pumilio',14,139,159.00,12,1160),(10299,'Dacelo novaeguineae',12,102,230.00,57,1159),(10300,'Genetta genetta',12,141,202.00,43,1144),(10301,'Mirounga angustirostris',11,105,372.00,30,1166),(10302,'Gyps bengalensis',11,116,38.00,58,1150),(10303,'Pavo cristatus',13,111,126.00,46,1037),(10304,'Gabianus pacificus',13,114,172.00,91,1132),(10305,'Bassariscus astutus',15,115,376.00,9,1075),(10306,'Mirounga leonina',12,103,82.00,67,1014),(10307,'Naja haje',14,134,241.00,85,1101),(10308,'Lybius torquatus',11,129,194.00,61,1074),(10309,'Panthera onca',13,118,209.00,2,1165),(10310,'Callipepla gambelii',12,121,343.00,69,1025),(10311,'Neophron percnopterus',12,122,253.00,4,1036),(10312,'Canis aureus',13,127,120.00,97,1105),(10313,'Bubo sp.',12,102,128.00,67,1053),(10314,'Anas bahamensis',11,138,310.00,38,1058),(10315,'Anastomus oscitans',11,122,310.00,78,1130),(10316,'Smithopsis crassicaudata',14,104,381.00,22,1073),(10317,'Irania gutteralis',13,125,166.00,5,1125),(10318,'Ourebia ourebi',13,109,43.00,89,1077),(10319,'Charadrius tricollaris',11,120,397.00,13,1019),(10320,'Plegadis ridgwayi',10,137,150.00,35,1157),(10321,'Cebus apella',13,116,376.00,0,1018),(10322,'Papio cynocephalus',15,113,121.00,64,1025),(10323,'Geococcyx californianus',12,115,124.00,98,1019),(10324,'Anser anser',15,116,264.00,17,1098),(10325,'Columba livia',13,119,151.00,93,1145),(10326,'Bucephala clangula',14,123,244.00,25,1036),(10327,'Morelia spilotes variegata',14,116,193.00,44,1000),(10328,'Amphibolurus barbatus',14,139,34.00,11,1092),(10329,'Merops bullockoides',10,107,212.00,48,1155),(10330,'Anathana ellioti',15,119,366.00,60,1007),(10331,'Cyrtodactylus louisiadensis',15,102,406.00,56,1019),(10332,'Cathartes aura',11,125,223.00,18,1075),(10333,'Spheniscus mendiculus',14,133,326.00,70,1135),(10334,'Panthera onca',12,102,169.00,57,1102),(10335,'Procyon lotor',11,135,265.00,0,1046),(10336,'Zenaida galapagoensis',13,124,288.00,85,1024),(10337,'Theropithecus gelada',12,117,364.00,2,1063),(10338,'Ctenophorus ornatus',14,103,109.00,35,1138),(10339,'Crotalus triseriatus',10,120,388.00,49,1025),(10340,'Bucorvus leadbeateri',12,118,77.00,80,1125),(10341,'Coendou prehensilis',13,139,112.00,15,1048),(10342,'Spermophilus parryii',11,129,135.00,68,1101),(10343,'Rangifer tarandus',13,137,280.00,74,1144),(10344,'Notechis semmiannulatus',13,101,278.00,23,1131),(10345,'Tiliqua scincoides',15,106,286.00,73,1007),(10346,'Ammospermophilus nelsoni',10,106,212.00,37,1121),(10347,'Francolinus coqui',15,112,384.00,93,1038),(10348,'Genetta genetta',13,139,192.00,65,1062),(10349,'Varanus sp.',12,133,371.00,23,1166),(10350,'Butorides striatus',15,112,99.00,38,1145),(10351,'Merops nubicus',13,116,58.00,2,1157),(10352,'Sagittarius serpentarius',12,113,242.00,74,1070),(10353,'Pseudalopex gymnocercus',10,128,374.00,46,1060),(10354,'Funambulus pennati',14,123,218.00,63,1144),(10355,'Bassariscus astutus',12,119,31.00,51,1002),(10356,'Pavo cristatus',10,115,73.00,59,1035),(10357,'Lasiodora parahybana',10,137,115.00,29,1090),(10358,'Arctogalidia trivirgata',10,130,50.00,92,1032),(10359,'Lamprotornis sp.',10,118,218.00,62,1108),(10360,'Spermophilus tridecemlineatus',13,110,112.00,9,1000),(10361,'Nyctanassa violacea',11,108,243.00,33,1055),(10362,'Myotis lucifugus',15,130,388.00,16,1003),(10363,'Leprocaulinus vipera',15,103,383.00,28,1046),(10364,'Dasyurus viverrinus',11,128,219.00,72,1140),(10365,'Macropus eugenii',13,105,213.00,86,1018),(10366,'Phalacrocorax niger',13,132,91.00,79,1004),(10367,'Bucephala clangula',14,103,77.00,53,1004),(10368,'Podargus strigoides',15,120,194.00,82,1037),(10369,'Recurvirostra avosetta',10,103,47.00,9,1027),(10370,'Oncorhynchus nerka',14,102,170.00,4,1054),(10371,'Macropus robustus',11,121,94.00,6,1094),(10372,'Tachybaptus ruficollis',11,116,285.00,8,1012),(10373,'Pitangus sulphuratus',11,117,275.00,48,1020),(10374,'Speothos vanaticus',15,102,49.00,23,1114),(10375,'Canis mesomelas',10,106,190.00,42,1034),(10376,'Libellula quadrimaculata',14,138,90.00,28,1112),(10377,'Redunca redunca',14,113,182.00,81,1140),(10378,'Ploceus intermedius',12,135,141.00,26,1160),(10379,'Gymnorhina tibicen',15,105,405.00,37,1137),(10380,'Genetta genetta',11,105,328.00,7,1004),(10381,'Cervus unicolor',11,118,270.00,47,1031),(10382,'Papio ursinus',13,109,283.00,43,1099),(10383,'Cervus duvauceli',10,122,63.00,60,1059),(10384,'Porphyrio porphyrio',14,129,188.00,10,1053),(10385,'Connochaetus taurinus',10,110,239.00,23,1020),(10386,'Vanessa indica',11,104,343.00,17,1030),(10387,'Grus antigone',10,115,230.00,14,1122),(10388,'Bassariscus astutus',10,130,114.00,36,1141),(10389,'Nectarinia chalybea',14,124,291.00,99,1065),(10390,'Lorythaixoides concolor',12,128,169.00,98,1004),(10391,'Cebus nigrivittatus',15,134,343.00,36,1101),(10392,'Connochaetus taurinus',11,127,272.00,18,1160),(10393,'Ictalurus furcatus',14,120,212.00,98,1167),(10394,'Coendou prehensilis',13,113,267.00,6,1104),(10395,'Hymenolaimus malacorhynchus',12,103,275.00,70,1053),(10396,'Chordeiles minor',15,141,334.00,33,1020),(10397,'Drymarchon corias couperi',13,127,109.00,41,1124),(10398,'Coluber constrictor',14,110,356.00,5,1019),(10399,'Colaptes campestroides',10,104,194.00,50,1095),(10400,'Rhea americana',13,139,357.00,63,1149),(10401,'Cygnus atratus',15,116,262.00,32,1036),(10402,'Lasiorhinus latifrons',10,132,182.00,25,1050),(10403,'Nasua nasua',13,107,159.00,0,1059),(10404,'Alopex lagopus',15,131,406.00,92,1011),(10405,'Chauna torquata',14,107,177.00,47,1030),(10406,'Eolophus roseicapillus',12,129,345.00,12,1082),(10407,'Cordylus giganteus',10,140,32.00,51,1039),(10408,'Phascogale calura',15,135,113.00,72,1134),(10409,'Madoqua kirkii',15,118,204.00,95,1135),(10410,'Spermophilus tridecemlineatus',10,121,214.00,87,1148),(10411,'Sciurus vulgaris',10,131,102.00,80,1068),(10412,'Pelecans onocratalus',10,107,69.00,95,1163),(10413,'Threskionis aethiopicus',10,122,340.00,41,1053),(10414,'Macropus agilis',13,114,134.00,64,1116),(10415,'Myotis lucifugus',13,128,414.00,81,1019),(10416,'Phalacrocorax varius',14,119,157.00,29,1064),(10417,'Canis latrans',14,109,354.00,72,1112),(10418,'Fratercula corniculata',13,130,383.00,23,1143),(10419,'Tauraco porphyrelophus',12,103,265.00,17,1140),(10420,'Phascogale calura',13,114,283.00,27,1165),(10421,'Mirounga angustirostris',15,124,91.00,65,1019),(10422,'Mustela nigripes',14,114,343.00,97,1035),(10423,'Spermophilus tridecemlineatus',12,133,196.00,38,1090),(10424,'Phalaropus fulicarius',12,111,79.00,11,1053),(10425,'Dasyurus maculatus',13,124,117.00,38,1157),(10426,'Lamprotornis sp.',12,105,168.00,8,1128),(10427,'Odocoileus hemionus',13,135,402.00,1,1142),(10428,'Diceros bicornis',11,105,175.00,2,1116),(10429,'Anas bahamensis',10,108,384.00,82,1070),(10430,'Eubalaena australis',15,109,157.00,57,1053),(10431,'Ctenophorus ornatus',10,124,217.00,2,1106),(10432,'Mustela nigripes',13,128,74.00,26,1080),(10433,'Canis aureus',13,133,94.00,67,1163),(10434,'Colaptes campestroides',12,113,400.00,92,1153),(10435,'Neotis denhami',12,101,245.00,95,1070),(10436,'Coluber constrictor foxii',10,113,124.00,77,1147),(10437,'Limosa haemastica',10,119,331.00,66,1144),(10438,'Lepilemur rufescens',12,103,248.00,75,1154),(10439,'Anas punctata',12,108,150.00,20,1018),(10440,'Lutra canadensis',12,113,243.00,83,1112),(10441,'Acridotheres tristis',13,113,202.00,38,1027),(10442,'Ourebia ourebi',14,117,102.00,4,1057),(10443,'Eunectes sp.',15,104,384.00,0,1057),(10444,'Zenaida galapagoensis',10,114,66.00,18,1078),(10445,'Ninox superciliaris',10,104,420.00,78,1110),(10446,'Grus antigone',10,118,407.00,71,1139),(10447,'Columba livia',15,134,196.00,71,1156),(10448,'Hymenolaimus malacorhynchus',15,135,241.00,24,1132),(10449,'Pteronura brasiliensis',15,126,36.00,72,1160),(10450,'Zalophus californicus',11,137,142.00,88,1156),(10451,'Sceloporus magister',12,137,166.00,71,1147),(10452,'Sarcophilus harrisii',13,105,361.00,96,1127),(10453,'Ammospermophilus nelsoni',13,102,296.00,19,1048),(10454,'Panthera pardus',15,140,287.00,29,1133),(10455,'Charadrius tricollaris',14,105,405.00,27,1158),(10456,'Anthropoides paradisea',13,120,271.00,13,1005),(10457,'Cyrtodactylus louisiadensis',11,121,244.00,9,1037),(10458,'Chelodina longicollis',13,140,305.00,5,1124),(10459,'Cercopithecus aethiops',10,139,290.00,51,1099),(10460,'Leptoptilus dubius',15,137,342.00,72,1153),(10461,'Mirounga angustirostris',11,110,359.00,76,1005),(10462,'Tauraco porphyrelophus',13,135,80.00,70,1020),(10463,'Tragelaphus strepsiceros',10,131,257.00,74,1145),(10464,'Dendrocygna viduata',14,114,389.00,20,1075),(10465,'Globicephala melas',14,120,119.00,56,1104),(10466,'Libellula quadrimaculata',12,114,320.00,54,1039),(10467,'Hyaena hyaena',12,117,171.00,84,1090),(10468,'Phalaropus lobatus',15,120,191.00,2,1052),(10469,'Papio cynocephalus',14,112,198.00,9,1031),(10470,'Macaca nemestrina',15,105,131.00,55,1156),(10471,'Diceros bicornis',14,121,89.00,58,1073),(10472,'Chloephaga melanoptera',14,134,305.00,38,1135),(10473,'Cordylus giganteus',11,139,180.00,7,1167),(10474,'Vanessa indica',13,101,35.00,16,1083),(10475,'Uraeginthus angolensis',13,124,375.00,77,1030),(10476,'Melanerpes erythrocephalus',13,119,121.00,45,1128),(10477,'Ploceus rubiginosus',15,129,41.00,19,1135),(10478,'Nyctea scandiaca',11,139,228.00,2,1069),(10479,'Choloepus hoffmani',15,116,269.00,50,1040),(10480,'Pseudalopex gymnocercus',13,130,51.00,24,1063),(10481,'Dasyurus viverrinus',15,112,165.00,85,1044),(10482,'Phacochoerus aethiopus',15,111,356.00,88,1082),(10483,'Crotalus triseriatus',12,121,290.00,27,1084),(10484,'Phasianus colchicus',15,110,409.00,41,1109),(10485,'Anastomus oscitans',15,103,294.00,79,1108),(10486,'Felis caracal',14,136,383.00,3,1118),(10487,'Pelecanus conspicillatus',13,128,86.00,15,1035),(10488,'Erinaceus frontalis',14,133,321.00,30,1111),(10489,'Sula dactylatra',13,123,200.00,50,1055),(10490,'Ephipplorhynchus senegalensis',13,139,309.00,43,1018),(10491,'Ratufa indica',14,109,116.00,9,1033),(10492,'Panthera onca',14,101,413.00,81,1031),(10493,'Anser caerulescens',11,112,387.00,36,1162),(10494,'Sterna paradisaea',15,140,326.00,22,1115),(10495,'Anthropoides paradisea',12,112,241.00,60,1110),(10496,'Cochlearius cochlearius',14,106,305.00,49,1113),(10497,'Equus hemionus',10,129,53.00,38,1116),(10498,'Capra ibex',12,131,351.00,16,1072),(10499,'Columba livia',12,103,394.00,11,1063),(10500,'Tockus flavirostris',11,131,45.00,10,1151),(10501,'Spizaetus coronatus',14,114,139.00,1,1124),(10502,'Trichosurus vulpecula',11,132,172.00,5,1088),(10503,'Camelus dromedarius',13,131,274.00,60,1047),(10504,'Crotalus cerastes',11,112,391.00,65,1143),(10505,'Mycteria leucocephala',13,129,221.00,26,1108),(10506,'Erinaceus frontalis',15,138,404.00,51,1041),(10507,'Hydrochoerus hydrochaeris',13,107,153.00,89,1142),(10508,'Erethizon dorsatum',11,102,154.00,74,1162),(10509,'Ramphastos tucanus',13,134,272.00,85,1050),(10510,'Agouti paca',12,119,51.00,2,1012),(10511,'Hyaena brunnea',12,103,161.00,45,1090),(10512,'Colaptes campestroides',12,106,349.00,77,1160),(10513,'Limosa haemastica',12,107,143.00,78,1146),(10514,'Haliaetus vocifer',14,130,200.00,62,1128),(10515,'Priodontes maximus',14,118,92.00,5,1010),(10516,'Nyctereutes procyonoides',12,134,268.00,66,1076),(10517,'Platalea leucordia',14,114,170.00,70,1072),(10518,'Crotalus adamanteus',14,127,303.00,47,1044),(10519,'Cervus canadensis',15,123,343.00,1,1114),(10520,'Merops nubicus',12,141,339.00,18,1113),(10521,'Dasypus septemcincus',15,121,406.00,53,1066),(10522,'Coendou prehensilis',15,139,220.00,47,1151),(10523,'Colaptes campestroides',12,120,257.00,8,1121),(10524,'Centrocercus urophasianus',10,132,377.00,16,1006),(10525,'Speothos vanaticus',11,124,245.00,24,1152),(10526,'Agelaius phoeniceus',10,139,232.00,66,1113),(10527,'Felis concolor',11,131,315.00,37,1011),(10528,'Cercopithecus aethiops',12,114,139.00,57,1165),(10529,'Sarcophilus harrisii',10,130,363.00,28,1123),(10530,'Lasiodora parahybana',10,110,32.00,63,1108),(10531,'Oxybelis fulgidus',15,137,233.00,96,1050),(10532,'Melursus ursinus',15,114,117.00,22,1067),(10533,'Martes pennanti',15,127,223.00,6,1047),(10534,'Lasiodora parahybana',14,113,387.00,74,1021),(10535,'Francolinus coqui',11,139,239.00,47,1108),(10536,'Gazella thompsonii',11,116,85.00,20,1081),(10537,'Carduelis pinus',11,112,276.00,36,1069),(10538,'Bassariscus astutus',15,106,148.00,51,1094),(10539,'Plegadis ridgwayi',15,133,264.00,58,1128),(10540,'Haliaeetus leucocephalus',15,140,417.00,78,1166),(10541,'Macropus agilis',15,141,73.00,27,1115),(10542,'Phascogale tapoatafa',11,101,100.00,31,1112),(10543,'Trichosurus vulpecula',12,123,367.00,60,1019),(10544,'Chlidonias leucopterus',10,133,281.00,43,1112),(10545,'Ateles paniscus',12,104,307.00,75,1066),(10546,'Lamprotornis nitens',12,126,390.00,18,1040),(10547,'Corvus albus',10,128,191.00,27,1090),(10548,'Phalaropus fulicarius',15,125,124.00,5,1162),(10549,'Lion',15,117,56.00,34,1050),(10550,'Eagle',13,115,12.00,4,1119),(10551,'Ferret',13,132,24.00,24,1119),(10553,'Mink',15,115,33.00,33,1119),(10554,'Rhino',12,143,23.00,20,1126);
/*!40000 ALTER TABLE `wine` ENABLE KEYS */;
UNLOCK TABLES;

--
-- Table structure for table `winemaker`
--

DROP TABLE IF EXISTS `winemaker`;
/*!40101 SET @saved_cs_client     = @@character_set_client */;
/*!40101 SET character_set_client = utf8 */;
CREATE TABLE `winemaker` (
  `winemaker_id` int(11) NOT NULL AUTO_INCREMENT,
  `winemaker_name` varchar(45) NOT NULL,
  `vineyard` varchar(45) NOT NULL,
  `year_established` int(11) NOT NULL,
  `region_id` int(11) NOT NULL,
  PRIMARY KEY (`winemaker_id`),
  KEY `winemaker_region_idx` (`region_id`),
  CONSTRAINT `winemaker_region` FOREIGN KEY (`region_id`) REFERENCES `region` (`region_id`) ON DELETE CASCADE ON UPDATE CASCADE
) ENGINE=InnoDB AUTO_INCREMENT=1169 DEFAULT CHARSET=utf8mb4 MAX_ROWS=4000;
/*!40101 SET character_set_client = @saved_cs_client */;

--
-- Dumping data for table `winemaker`
--

LOCK TABLES `winemaker` WRITE;
/*!40000 ALTER TABLE `winemaker` DISABLE KEYS */;
INSERT INTO `winemaker` VALUES (1000,'Alessio Costa','Ciao',1972,1),(1001,'Domingo Longo','Tutti',1933,5),(1002,'Erminio Messina','Grazie',1994,9),(1003,'Ing. Demis Marino','Grotta',1954,7),(1004,'Ing. Omar Lombardi','Venti',1925,5),(1005,'Claudia Fontana','Bambino',1921,3),(1006,'Enzo Serra','Fratello',1964,8),(1007,'Ing. Edvige Grassi','Primo',1984,2),(1008,'Erminio Lombardi','Vino',1915,6),(1009,'Sig.ra Maika Romano','Ragazza',2000,12),(1010,'Oretta Gallo','Bianco',1968,11),(1011,'Mariano Grasso','Oro',2012,10),(1012,'Jari Grasso','Giorno',1995,5),(1013,'Sibilla Gallo','Latte',2019,5),(1014,'Danny Giuliani','Padre',2004,4),(1015,'Pierfrancesco Parisi','Molto',1999,4),(1016,'Mariapia Gatti','Signore',1959,8),(1017,'Sig.ra Eufemia Grasso','Duce',2004,9),(1018,'Penelope Galli','Canto',2012,1),(1019,'Fulvio Sorrentino','La Donna',1923,3),(1020,'Erminio Galli','Forte',1928,1),(1021,'Joannes Fiore','Ia',1996,2),(1022,'Cira Orlando','Mille',1943,2),(1023,'Fernando Grassi','Scuola',1952,4),(1024,'Sig. Giuliano Ferrari','Donna',1970,8),(1025,'Umberto Pagano','Cento',1993,10),(1026,'Diana Ricci','Cavallo',1993,13),(1027,'Damiano Lombardi','Nevicare',2011,13),(1028,'Tristano Rossi','Benvenuto',1945,11),(1029,'Sig.ra Cira Grassi','Fatta',1984,2),(1030,'Adrien Da Costa','Eau',1931,31),(1031,'Marcel de Gallet','Gauche',1921,35),(1032,'Christine Delannoy','Noir',1943,36),(1033,'Jacqueline Jacquot','Haute',1928,39),(1034,'Maggie De Oliveira','Oui',1998,46),(1035,'Julie Guillot','Mardi',1942,44),(1036,'Louise Sauvage','Fleur',1927,45),(1037,'Joseph Paul','Nom',1976,31),(1038,'Bernadette Bourgeois','Coeur',1981,31),(1039,'Margot Lucas','Nouveau',1967,38),(1040,'Jacques du Boulay','Vous',1928,39),(1041,'Louise Marion','Pain',2002,32),(1042,'Juliette Adam','Fromage',1988,34),(1043,'Colette Prevost','Trois',2014,34),(1044,'Zoe Pruvost','Adieu',1930,38),(1045,'Alexandre du Fabre','Moi',1917,39),(1046,'Agnes Lenoir','Dieu',2003,45),(1047,'Noel de De Oliveira','Amour',1919,46),(1048,'Emmanuel de Gallet','Anglais',1952,32),(1049,'Thomas Begue','Tres',1946,31),(1050,'Aurelie Wagner','Beaucoup',1929,46),(1051,'Camille-Laure Delahaye','Bienvenue',2000,31),(1052,'Tristan Germain','Chaise',2010,46),(1053,'Theophile Raymond','Fin',2003,35),(1054,'Maryse Merle','Chef',1964,39),(1055,'Simone-Helene Reynaud','Annee',1960,43),(1056,'Caroline Clerc','Avec',2010,43),(1057,'Theodore Voisin','Merci',1938,31),(1058,'Josette-Suzanne Legros','Jour',1946,35),(1059,'Dorothee Leveque','Prix',1947,40),(1060,'Lucas Martin-Toussaint','Ennui',1979,33),(1061,'Leon Morvan','Croix',1983,32),(1062,'Auguste Leger','Escargot',1997,37),(1063,'Francois Klein-Tanguy','Jolie',1943,40),(1064,'Richard-Dominique Dias','Faux',2001,31),(1065,'Matthieu Lopez','Rouge',2019,46),(1066,'Martine-Genevieve Boyer','Vie',1989,34),(1067,'Luc Aubry','Deux',1994,38),(1068,'Olivier Besson','Mere',1939,46),(1069,'Isabelle Martin-Lemoine','Bon',1972,46),(1070,'Samuel Elizondo','Sombrero',1938,39),(1071,'Izan Beltran','Cocina',1918,29),(1072,'Rodrigo Bustamante','Diablo',1984,16),(1073,'Gael Baca','Padre',1914,27),(1074,'Valentina Marrero Hijo','Diez',1929,25),(1075,'Cristina Costa','Bueno',2005,27),(1076,'Jimena Macias','Bajo',1942,28),(1077,'Francisco Morales Tercero','Donde',1938,24),(1078,'Juan Jose Sauceda','Marinero',1931,24),(1079,'Sara Heredia','Naranja',2018,27),(1080,'Sandra Marquez','Usted',1972,26),(1081,'Srita. Claudia Delgado','Nada',2003,20),(1082,'Srita. Martina Mas','Amor',2020,29),(1083,'Francisco Rosario','Siempre',1959,15),(1084,'Helena Cepeda','Muchacho',2017,19),(1085,'Ing. Roberto Leiva Tercero','Pan',1970,19),(1086,'Aleix Diez','Montana',1929,16),(1087,'Lic. Berta Carbajal Segundo','Nina',1916,23),(1088,'Dn. Aitor Valle Hijo','Ano',2009,26),(1089,'Yago Mendez','Palabra',2000,30),(1090,'Lola Uribe','Sol',1914,20),(1091,'Gabriel Armijo Tercero','Tambien',1968,21),(1092,'Javier Saavedra','Lengua',2006,23),(1093,'Martin Aleman','Adios',1965,30),(1094,'Alicia Galvan','Vida',1996,25),(1095,'Lola Linares','Ocho',1988,16),(1096,'Sra. Erika Delatorre Hijo','Reina',1987,23),(1097,'Emma Flores','Burro',1992,17),(1098,'Nora Alba','Barrio',1989,15),(1099,'Irene Arias','Ash Creek Mousetail',1934,28),(1100,'Sterling O\'Conner Jr.','Tarheel Sedge',1972,60),(1101,'Prof. Schuyler Trantow IV','Florida Dutchman\'s Pipe',1994,66),(1102,'Mr. Dion Kohler','Bluethread',1925,63),(1103,'Mac Braun','Martynia',1935,65),(1104,'Sven Fay','Kurile Larch',1989,66),(1105,'Megane Carter','Kittentail',2002,65),(1106,'Henry Haley','Kittitas Larkspur',1951,63),(1107,'Prof. Judge Rodriguez Jr.','Bishop\'s Hat',1924,64),(1108,'Boris Mayer','Virola',2014,61),(1109,'Lurline Jacobs','Queen',2015,64),(1110,'Alisa Hills','Redstem Buckwheat',1920,66),(1111,'Bennett Smith','Kern Mallow',2018,64),(1112,'Caroline Murphy','Hillebrand\'s Phyllostegia',1971,63),(1113,'Ms. Shyann Spencer ','Roughfruit Berry',1997,63),(1114,'Brenna Wiegand','Nylon Hedgehog Cactus',1955,61),(1115,'Katlynn Schmeler','Summer Holly',1922,64),(1116,'Andre Keebler','Skunk Cabbage',1967,66),(1117,'Mr. John Trantow','Blackwood',1964,61),(1118,'Margret Zieme','Cap Lichen',2011,64),(1119,'Bert Kuphal IV','Great Valley Phacelia',1992,60),(1120,'Mrs. Robyn Brakus','Hemp Agrimony',2013,60),(1121,'Donald Mayert','Railroadfence',1920,62),(1122,'Justina Bashirian','Bee Orchid',1962,65),(1123,'Amie Luettgen I','Rough Jointfir',2019,65),(1124,'Cleta Heidenreich Jr.','Hoover\'s Eryngo',1933,62),(1125,'Ryley Fritsch','Giant Sequoia',2010,65),(1126,'Alexane Gottlieb V','Tweedy\'s Reedgrass',1935,62),(1127,'Jamison Kertzmann','Hooker\'s Bristle Fern',2021,60),(1128,'Mrs. Myrna Nader','Bristly Stingingbush',1914,61),(1129,'Mr. Elian Jast','Browneyed Susan',1924,63),(1130,'Marty Mayert ','Dust Lichen',1914,66),(1131,'Antwan Stamm','Sphagnum',1968,66),(1132,'Esmeralda Legros ','Big Horn Fleabane',2006,69),(1133,'Dwight Oberbrunner','Sand Fiddleleaf',1965,70),(1134,'Brisa Klein V','Common Woolly Sunflower',2014,68),(1135,'Prof. Anna Kiehn','Hahala',2015,69),(1136,'Norbert Klocko','Bittercress Ragwort',1920,72),(1137,'Mrs. Bette Botsford II','Shortleaf Woollygrass',2018,73),(1138,'Dorris Turcotte','Jasmine',1971,67),(1139,'Aurore Satterfield','Mitchella',1997,77),(1140,'Miss Geraldine Stamm','Georgia Quillwort',1955,73),(1141,'Cathy Moore','Oneflower Helianthella',1922,75),(1142,'Mr. Devonte Fadel','False Fanpetals',1967,73),(1143,'Jovany Greenholt','Drummond\'s Sedge',1935,68),(1144,'Laury Baumbach Sr.','Callaeum',1989,71),(1145,'Micah Reilly ','Common Coleus',2002,68),(1146,'Ed Crona','Northern Rimmed Lichen',1951,76),(1147,'Rex Kuhic','Brandegee\'s Onion',1924,71),(1148,'Jayda Olson','Lodgepole Lupine',2014,69),(1149,'Julie Zulauf','Dense Mountain Phlox',2015,74),(1150,'Joy Cremin DVM','Lemmon\'s Sedge',1920,76),(1151,'Ruthe Wyman IV','Bristly Mousetail',2018,78),(1152,'Prof. Dexter Robel ','Apache Beardtongue',1971,79),(1153,'Octavia Bergstrom Jr.','Tube Lichen',1997,80),(1154,'Carlee Littel','Desert Seepweed',1955,80),(1155,'Nasir Becker','Alpinia',1922,79),(1156,'Jeanette Bruen II','Wright\'s Bird\'s Beak',1967,81),(1157,'Dayne Spencer II','Round Notothylas',1964,88),(1158,'Christina Stroman','Silver Senna',2011,88),(1159,'Ms. Kathlyn Torphy Sr.','El Gusano De Seda',1992,86),(1160,'Lic. Mateo Hernandez Hijo','La Arena',2013,89),(1161,'Rodrigo Villegas','El Mosquito',1920,90),(1162,'Erik Galan Segundo','El Abrigo',1962,90),(1163,'Adrian Sierra','La Hija',1935,92),(1164,'Gabriela Llamas','La Vibora',1989,92),(1165,'Juan Gil','El Volante',2002,93),(1166,'Cesar Arce','El Policia',1951,94),(1167,'Nicolas Serna','El Biberon',1924,97),(1168,'Marco Fileri','El Toro',1997,30);
/*!40000 ALTER TABLE `winemaker` ENABLE KEYS */;
UNLOCK TABLES;
/*!40103 SET TIME_ZONE=@OLD_TIME_ZONE */;

/*!40101 SET SQL_MODE=@OLD_SQL_MODE */;
/*!40014 SET FOREIGN_KEY_CHECKS=@OLD_FOREIGN_KEY_CHECKS */;
/*!40014 SET UNIQUE_CHECKS=@OLD_UNIQUE_CHECKS */;
/*!40101 SET CHARACTER_SET_CLIENT=@OLD_CHARACTER_SET_CLIENT */;
/*!40101 SET CHARACTER_SET_RESULTS=@OLD_CHARACTER_SET_RESULTS */;
/*!40101 SET COLLATION_CONNECTION=@OLD_COLLATION_CONNECTION */;
/*!40111 SET SQL_NOTES=@OLD_SQL_NOTES */;

-- Dump completed on 2021-03-28 14:52:40
